method,train_seed,model,family,arm,overall_mean_no_health,arc_challenge,finqa,humaneval,legalbench,math500_medium,mbpp_plus,medcalc,math500_high_level,gsm8k,mbpp_simple,scienceqa
sft_lora,average,Gemma-2-9B-Instruct,gemma2,base,52.777082381660364,56.74061433447098,19.917622830244188,59.146341463414636,62.5814091178212,57.46031746031746,63.66843033509701,12.393939393939391,27.353689567430024,84.20520596411423,66.66666666666667,70.41366906474819
sft_lora,average,Gemma-2-9B-Instruct,gemma2,full_sft,51.82386951995512,57.423208191126285,18.21123859958811,58.739837398373986,63.48924412867575,53.01587301587301,61.11111111111111,15.757575757575756,27.09923664122137,83.16906747536012,62.12710765239948,69.91906474820144
sft_lora,average,Gemma-2-9B-Instruct,gemma2,full_sft_30353,50.85711766478999,58.10580204778157,18.887908208296555,58.130081300813,63.64712847838958,55.87301587301587,53.7037037037037,14.969696969696967,27.862595419847327,83.29542582764721,54.73411154345007,70.21882494004797
sft_lora,average,Gemma-2-9B-Instruct,gemma2,no_direct_implementation_and_utilities,51.29892210410367,57.53697383390216,17.828773168578994,56.707317073170735,63.33135977896191,52.06349206349207,59.61199294532628,15.060606060606057,28.244274809160306,83.92721758908264,59.922178988326856,70.05395683453237
sft_lora,average,Gemma-2-9B-Instruct,gemma2,no_dynamic_programming,51.172553594258495,58.04891922639362,18.62312444836716,57.92682926829267,63.74580619696073,52.06349206349207,58.11287477954144,15.090909090909088,27.2264631043257,83.34596916856204,58.88456549935149,69.82913669064749
sft_lora,average,Gemma-2-9B-Instruct,gemma2,no_graph_structures_and_stateful_systems,49.79543231702195,58.077360637087594,18.417181523977632,57.3170731707317,63.58792184724689,54.28571428571428,50.70546737213403,15.212121212121211,27.48091603053435,83.29542582764721,49.28664072632944,70.08393285371703
sft_lora,average,Gemma-2-9B-Instruct,gemma2,no_greedy_search_and_optimization,51.16621587397489,58.13424345847554,18.50544277728743,58.333333333333336,63.37083086639037,54.6031746031746,55.6437389770723,14.18181818181818,28.753180661577613,83.39651250947688,57.717250324254216,70.18884892086331
sft_lora,average,Gemma-2-9B-Instruct,gemma2,no_hashing_counting_and_sets,50.55993073971001,58.44709897610921,18.681965283907026,56.707317073170735,64.29840142095914,57.142857142857146,51.32275132275132,14.939393939393938,26.972010178117046,83.52287086176396,54.08560311284046,70.03896882494006
sft_lora,average,Gemma-2-9B-Instruct,gemma2,no_math_and_number_theory,52.353335572985166,57.707622298065985,17.416887319799937,59.34959349593496,64.73258338267219,57.142857142857146,59.52380952380952,15.545454545454541,27.608142493638677,83.04270912307304,63.94293125810636,69.87410071942446
sft_lora,average,Gemma-2-9B-Instruct,gemma2,no_range_window_and_matrix_processing,51.348298826279326,57.792946530147894,18.299499852897906,58.130081300813,64.0023682652457,53.968253968253975,58.289241622574956,14.969696969696967,27.862595419847324,83.04270912307304,58.88456549935149,69.58932853717026
sft_lora,average,Gemma-2-9B-Instruct,gemma2,no_sequence_transformations,51.06860866371619,57.878270762229796,18.270079435127972,57.72357723577235,65.18650088809947,56.82539682539683,54.144620811287474,14.939393939393932,27.862595419847327,82.73944907758403,56.16083009079119,70.02398081534771
sft_lora,average,Gemma-2-9B-Instruct,gemma2,no_sorting_and_ordered_processing,50.085723586457654,57.707622298065985,18.034716092968516,58.53658536585366,63.96289717781724,53.01587301587301,50.970017636684304,15.515151515151514,27.862595419847327,83.54814253222138,52.140077821011666,69.64928057553958
sft_lora,average,Gemma-2-9B-Instruct,gemma2,no_string_and_parsing,51.115224886932175,58.759954493742896,18.09355692850838,58.130081300813,63.60765739096112,53.65079365079365,56.08465608465608,15.36363636363636,28.244274809160302,83.59868587313622,56.2905317769131,70.44364508393285
sft_lora,average,Llama-3.1-8B-Instruct,llama31,base,51.775081710737346,50.25597269624573,12.41541629891144,66.869918699187,81.40911782119598,46.34920634920635,63.58024691358025,13.484848484848479,24.300254452926207,72.83295425827647,71.07652399481192,66.95143884892086
sft_lora,average,Llama-3.1-8B-Instruct,llama31,full_sft,51.6678023647796,49.317406143344705,12.68020005884083,65.65040650406503,78.76455496348923,46.031746031746025,63.75661375661375,15.393939393939391,24.68193384223918,76.49734647460197,69.90920881971465,65.66247002398082
sft_lora,average,Llama-3.1-8B-Instruct,llama31,full_sft_30353,51.94152984167667,49.20364050056883,13.915857605177985,63.617886178861795,78.74481941977501,48.888888888888886,63.66843033509701,13.636363636363633,24.93638676844783,78.49380844073794,70.1686121919585,66.08213429256595
sft_lora,average,Llama-3.1-8B-Instruct,llama31,no_direct_implementation_and_utilities,52.63874189532813,49.34584755403868,13.68049426301853,65.2439024390244,78.98164594434577,54.285714285714285,64.55026455026454,14.24242424242424,24.68193384223918,78.72125347485469,69.39040207522697,65.90227817745803
sft_lora,average,Llama-3.1-8B-Instruct,llama31,no_dynamic_programming,52.996530072221084,49.68714448236633,13.562812591938803,67.07317073170732,78.96191040063154,54.285714285714285,64.4620811287478,14.333333333333329,26.335877862595414,78.01364670204701,69.90920881971465,66.33693045563548
sft_lora,average,Llama-3.1-8B-Instruct,llama31,no_graph_structures_and_stateful_systems,51.64904384444069,49.57337883959045,12.327155045601643,63.617886178861795,78.98164594434576,47.61904761904761,63.932980599647266,14.12121212121212,24.68193384223918,77.4323982815264,69.64980544747083,66.20203836930456
sft_lora,average,Llama-3.1-8B-Instruct,llama31,no_greedy_search_and_optimization,52.60439264156333,49.77246871444823,12.591938805531038,67.07317073170732,78.90270376948885,50.79365079365079,64.10934744268077,15.12121212121212,24.93638676844783,79.15087187263077,69.64980544747083,66.54676258992806
sft_lora,average,Llama-3.1-8B-Instruct,llama31,no_hashing_counting_and_sets,52.34355537922445,49.57337883959044,12.827302147690494,64.22764227642277,78.96191040063154,51.74603174603175,63.580246913580254,15.424242424242422,23.7913486005089,79.20141521354562,70.1686121919585,66.27697841726619
sft_lora,average,Llama-3.1-8B-Instruct,llama31,no_math_and_number_theory,51.92165196728168,49.54493742889647,13.386290085319208,64.02439024390243,78.68561278863233,47.61904761904761,64.19753086419753,14.36363636363636,24.80916030534351,78.67071013393986,69.64980544747083,66.18705035971222
sft_lora,average,Llama-3.1-8B-Instruct,llama31,no_range_window_and_matrix_processing,52.59874700710577,49.8009101251422,12.827302147690494,67.07317073170732,79.1987369252023,51.11111111111111,63.75661375661375,14.51515151515151,25.063613231552164,78.99924184988627,70.42801556420234,65.81235011990408
sft_lora,average,Llama-3.1-8B-Instruct,llama31,no_sequence_transformations,51.88893550272176,49.317406143344705,13.50397175639894,64.02439024390245,78.29090191434774,49.84126984126984,63.844797178130506,14.151515151515147,23.027989821882944,79.02451352034369,69.90920881971465,65.84232613908873
sft_lora,average,Llama-3.1-8B-Instruct,llama31,no_sorting_and_ordered_processing,52.23546943794068,49.60182025028441,13.003824654310087,64.63414634146342,79.11979475034536,49.84126984126984,64.72663139329806,14.393939393939391,26.20865139949109,78.67071013393986,68.74189364461738,65.64748201438847
sft_lora,average,Llama-3.1-8B-Instruct,llama31,no_string_and_parsing,51.70268773942215,49.17519908987486,12.709620476610764,63.82113821138211,78.6658772449181,48.888888888888886,63.403880070546734,14.696969696969694,24.04580152671755,78.08946171341925,69.39040207522697,65.84232613908874
sft_lora,average,Llama-3.2-3B-Instruct,llama32,base,45.374495383766906,43.91353811149033,9.12032950867902,55.487804878048784,56.12788632326821,44.444444444444436,57.49559082892417,8.45454545454545,25.063613231552157,71.31665403083144,61.86770428015564,65.8273381294964
sft_lora,average,Llama-3.2-3B-Instruct,llama32,full_sft,42.006458878375064,40.50056882821388,13.886437187408056,52.03252032520326,54.095125320702586,37.77777777777778,56.96649029982364,6.757575757575753,19.72010178117048,59.18625221127116,59.92217898832684,61.22601918465228
sft_lora,average,Llama-3.2-3B-Instruct,llama32,full_sft_30353,42.36421849553975,41.240045506257104,14.062959694027654,53.04878048780488,53.641207815275315,34.92063492063492,58.2010582010582,7.454545454545451,20.61068702290076,59.337882234015666,61.73800259403372,61.750599520383695
sft_lora,average,Llama-3.2-3B-Instruct,llama32,no_direct_implementation_and_utilities,41.9394064964288,40.52901023890785,13.857016769638122,53.861788617886184,52.85178606670613,38.41269841269841,56.87830687830688,6.606060606060599,19.592875318066152,57.316148597422284,60.05188067444877,61.37589928057554
sft_lora,average,Llama-3.2-3B-Instruct,llama32,no_dynamic_programming,42.8443286826196,41.240045506257104,13.886437187408056,52.84552845528456,53.167554766133804,41.904761904761905,57.76014109347443,7.515151515151509,22.900763358778622,58.958807177154405,59.79247730220493,61.31594724220624
sft_lora,average,Llama-3.2-3B-Instruct,llama32,no_graph_structures_and_stateful_systems,42.03558488078275,41.06939704209329,12.53309796999117,52.03252032520325,53.52279455298993,36.82539682539682,57.93650793650793,7.21212121212121,22.264631043256987,54.713166540308315,62.51621271076524,61.76558752997602
sft_lora,average,Llama-3.2-3B-Instruct,llama32,no_greedy_search_and_optimization,42.903119412168955,40.955631399317404,14.298323036187108,52.64227642276423,53.72014999013223,38.73015873015873,58.377425044091716,7.181818181818176,20.992366412213737,62.774829416224414,60.570687418936444,61.690647482014384
sft_lora,average,Llama-3.2-3B-Instruct,llama32,no_hashing_counting_and_sets,41.223696428042,40.50056882821388,12.797881729920562,55.894308943089435,53.8385632524176,38.41269841269841,57.40740740740741,6.9090909090909065,18.702290076335874,47.83927217589082,59.662775616083,61.495803357314145
sft_lora,average,Llama-3.2-3B-Instruct,llama32,no_math_and_number_theory,42.572766267681274,41.29692832764505,13.68049426301853,55.28455284552846,54.33195184527333,37.77777777777778,58.99470899470899,6.969696969696966,19.592875318066152,58.52918877937831,60.181582360570694,61.66067146282973
sft_lora,average,Llama-3.2-3B-Instruct,llama32,no_range_window_and_matrix_processing,43.17397529234268,41.353811149032985,13.974698440717853,53.65853658536586,54.351687388987564,36.19047619047618,57.76014109347443,7.242424242424238,22.646310432569972,64.3669446550417,61.73800259403372,61.63069544364509
sft_lora,average,Llama-3.2-3B-Instruct,llama32,no_sequence_transformations,43.314745763355724,40.870307167235495,13.945278022947923,54.268292682926834,54.54904282612986,38.73015873015873,57.848324514991184,7.333333333333326,21.119592875318062,66.11068991660348,60.311284046692606,61.37589928057554
sft_lora,average,Llama-3.2-3B-Instruct,llama32,no_sorting_and_ordered_processing,42.41051831430104,40.89874857792947,13.503971756398935,52.84552845528456,54.470100651272936,39.68253968253968,57.49559082892416,7.666666666666663,19.592875318066152,57.64468031336872,61.21919584954605,61.49580335731415
sft_lora,average,Llama-3.2-3B-Instruct,llama32,no_string_and_parsing,42.642021115779194,41.12627986348123,14.416004707266842,51.42276422764228,53.42411683441878,40.95238095238095,56.966490299823626,7.181818181818176,20.992366412213737,60.37402072276978,60.83009079118028,61.37589928057554
sft_lora,average,Qwen1.5-7B-Chat,qwen15,base,37.64624399693073,54.863481228668945,7.149161518093553,45.1219512195122,47.18768502072232,24.444444444444443,44.88536155202822,4.09090909090909,6.743002544529257,60.12130401819561,52.01037613488975,67.4910071942446
sft_lora,average,Qwen1.5-7B-Chat,qwen15,full_sft,38.03652353747284,55.43230944254835,8.473080317740507,45.1219512195122,46.891651865008875,24.44444444444444,47.17813051146384,3.6060606060606,8.142493638676838,60.04548900682335,52.39948119325552,66.66666666666667
sft_lora,average,Qwen1.5-7B-Chat,qwen15,full_sft_30353,37.69492998725596,55.460750853242324,8.826125330979693,43.49593495934959,47.246891651865006,23.809523809523807,45.94356261022927,3.6666666666666603,7.124681933842234,59.11043719989891,52.918287937743195,67.04136690647482
sft_lora,average,Qwen1.5-7B-Chat,qwen15,no_direct_implementation_and_utilities,37.923375229809885,55.43230944254835,8.031774051191524,43.90243902439024,46.516676534438524,26.349206349206344,47.53086419753086,4.06060606060606,8.524173027989816,58.68081880212282,51.49156939040208,66.63669064748201
sft_lora,average,Qwen1.5-7B-Chat,qwen15,no_dynamic_programming,37.98622964624959,55.43230944254835,8.23771697558105,44.105691056910565,46.516676534438524,27.3015873015873,47.08994708994709,3.7878787878787867,8.142493638676843,58.75663381349508,51.750972762645915,66.72661870503596
sft_lora,average,Qwen1.5-7B-Chat,qwen15,no_graph_structures_and_stateful_systems,38.145800706213,55.005688282138784,9.00264783759929,45.325203252032516,46.635089796723896,27.3015873015873,46.4726631393298,3.78787878787878,8.524173027989816,58.78190548395249,52.01037613488975,66.75659472422062
sft_lora,average,Qwen1.5-7B-Chat,qwen15,no_greedy_search_and_optimization,38.106775680019815,55.261660978384526,8.737864077669899,44.71544715447154,46.31932109729623,25.079365079365076,48.500881834215164,4.2424242424242395,8.015267175572516,58.78190548395249,52.658884565499356,66.86151079136691
sft_lora,average,Qwen1.5-7B-Chat,qwen15,no_hashing_counting_and_sets,38.25329912016421,55.63139931740614,8.237716975581046,44.512195121951216,46.635089796723896,25.714285714285708,48.23633156966489,4.9090909090909065,6.615776081424933,59.28733889310084,54.08560311284047,66.92146282973621
sft_lora,average,Qwen1.5-7B-Chat,qwen15,no_math_and_number_theory,38.07329245269808,55.03412969283276,8.943807002059422,45.52845528455284,47.02980067100848,26.349206349206344,46.913580246913575,4.151515151515146,8.77862595419847,58.80717715440991,50.843060959792474,66.42685851318946
sft_lora,average,Qwen1.5-7B-Chat,qwen15,no_range_window_and_matrix_processing,37.668524554867524,55.517633674630254,7.943512797881726,44.71544715447154,47.365304914150386,22.85714285714285,47.17813051146384,3.8181818181818166,8.524173027989816,59.03462218852666,50.9727626459144,66.42685851318946
sft_lora,average,Qwen1.5-7B-Chat,qwen15,no_sequence_transformations,38.20979944059591,55.659840728100114,8.178876140041188,46.544715447154466,45.529899348727064,25.396825396825392,47.17813051146384,3.8484848484848464,8.651399491094143,59.91913065453627,52.658884565499356,66.7416067146283
sft_lora,average,Qwen1.5-7B-Chat,qwen15,no_sorting_and_ordered_processing,37.87420104008836,55.858930602957905,8.50250073551044,44.3089430894309,46.931122952437335,22.85714285714285,47.35449735449735,3.848484848484843,8.39694656488549,59.26206722264342,52.658884565499356,66.63669064748201
sft_lora,average,Qwen1.5-7B-Chat,qwen15,no_string_and_parsing,38.01465581783651,56.00113765642775,8.384819064430706,43.49593495934959,47.246891651865006,25.396825396825392,47.88359788359787,4.57575757575757,7.888040712468187,58.6555471316654,51.621271076524,67.01139088729016
sft_lora,average,Qwen2.5-7B-Instruct,qwen25,base,55.85018400354684,51.4505119453925,18.446601941747566,83.130081300813,72.29129662522202,66.34920634920634,67.46031746031746,6.545454545454543,29.770992366412212,76.16881475865556,74.70817120622569,68.03057553956835
sft_lora,average,Qwen2.5-7B-Instruct,qwen25,full_sft,56.97902051579919,58.845278725824805,16.622536040011763,83.53658536585365,73.10045391750543,55.555555555555564,69.40035273368606,12.3030303030303,26.84478371501272,83.57341420267879,76.7833981841764,70.20383693045564
sft_lora,average,Qwen2.5-7B-Instruct,qwen25,full_sft_30353,57.98754138057816,59.75540386803186,17.416887319799937,81.91056910569107,73.45569370436156,62.22222222222222,70.45855379188713,12.545454545454541,28.2442748091603,83.97776092999747,77.04280155642023,70.83333333333333
sft_lora,average,Qwen2.5-7B-Instruct,qwen25,no_direct_implementation_and_utilities,57.025688927888545,60.0967007963595,17.416887319799933,82.3170731707317,73.00177619893428,53.968253968253975,70.10582010582011,12.333333333333329,25.954198473282435,84.7611827141774,76.52399481193255,70.80335731414868
sft_lora,average,Qwen2.5-7B-Instruct,qwen25,no_dynamic_programming,57.39747561620792,59.78384527872583,17.21094439541041,81.70731707317073,73.47542924807578,60.0,70.45855379188713,12.36363636363636,26.081424936386764,84.3062926459439,75.61608300907913,70.36870503597122
sft_lora,average,Qwen2.5-7B-Instruct,qwen25,no_graph_structures_and_stateful_systems,57.01420792551905,58.81683731513083,17.00500147102088,80.89430894308943,73.02151174264851,55.87301587301587,70.54673721340389,12.575757575757573,28.117048346055977,84.30629264594388,75.61608300907912,70.38369304556355
sft_lora,average,Qwen2.5-7B-Instruct,qwen25,no_greedy_search_and_optimization,57.65121223556498,59.215017064846414,17.505148573109736,82.72357723577235,73.19913163607657,58.41269841269841,70.28218694885362,12.666666666666659,28.498727735368956,84.4579226686884,76.65369649805449,70.54856115107914
sft_lora,average,Qwen2.5-7B-Instruct,qwen25,no_hashing_counting_and_sets,57.29685846486441,59.243458475540386,17.534568990879666,80.28455284552847,73.5543714229327,58.730158730158735,70.1058201058201,12.909090909090907,28.371501272264627,83.82613090725296,75.09727626459144,70.60851318944843
sft_lora,average,Qwen2.5-7B-Instruct,qwen25,no_math_and_number_theory,57.659130281245666,59.755403868031856,17.358046484260072,81.91056910569107,73.2188671797908,59.68253968253969,70.2821869488536,12.393939393939391,27.862595419847327,84.17993429365681,77.04280155642023,70.56354916067146
sft_lora,average,Qwen2.5-7B-Instruct,qwen25,no_range_window_and_matrix_processing,57.52604745520133,58.845278725824805,16.887319799941153,81.30081300813009,73.29780935464773,60.952380952380956,70.1058201058201,12.21212121212121,28.49872773536896,84.38210765731615,75.87548638132296,70.42865707434053
sft_lora,average,Qwen2.5-7B-Instruct,qwen25,no_sequence_transformations,57.18371290662529,59.58475540386803,17.005001471020886,82.3170731707317,73.37675152950463,56.1904761904762,70.37037037037037,12.090909090909088,27.353689567430024,83.27015415718978,76.91309987029832,70.54856115107914
sft_lora,average,Qwen2.5-7B-Instruct,qwen25,no_sorting_and_ordered_processing,57.18329898149157,59.243458475540386,17.32862606649014,80.89430894308944,72.96230511150583,59.36507936507936,69.57671957671958,12.51515151515151,27.48091603053435,83.29542582764721,75.74578469520104,70.60851318944844
sft_lora,average,Qwen2.5-7B-Instruct,qwen25,no_string_and_parsing,57.429306068807755,60.32423208191127,17.034421888790813,81.30081300813008,73.27807381093349,59.04761904761906,70.45855379188713,13.060606060606053,25.063613231552164,84.07884761182714,77.30220492866408,70.77338129496403
sft_lora,average,Qwen3-4B-Instruct-2507,qwen3_4b,base,55.2972150148299,45.22184300341297,15.739923506913797,86.78861788617887,83.30373001776199,49.206349206349195,74.25044091710758,11.454545454545448,23.7913486005089,76.32044478140006,82.7496757457847,59.44244604316546
sft_lora,average,Qwen3-4B-Instruct-2507,qwen3_4b,full_sft,58.14090231978116,56.82593856655291,16.593115622241832,80.89430894308943,84.74442470890074,54.60317460317461,69.31216931216932,13.515151515151514,26.84478371501272,89.71443012383118,76.91309987029832,69.58932853717026
sft_lora,average,Qwen3-4B-Instruct-2507,qwen3_4b,full_sft_30353,57.93771360405031,56.8259385665529,16.651956457781697,79.67479674796748,84.74442470890074,52.69841269841269,69.04761904761905,13.818181818181818,27.98982188295165,89.81551680566086,76.65369649805449,69.39448441247002
sft_lora,average,Qwen3-4B-Instruct-2507,qwen3_4b,no_direct_implementation_and_utilities,57.98087590203742,56.399317406143346,16.740217711091493,79.47154471544717,84.52733372804421,53.968253968253975,69.04761904761905,14.787878787878782,26.20865139949109,90.34622188526662,76.91309987029832,69.3794964028777
sft_lora,average,Qwen3-4B-Instruct-2507,qwen3_4b,no_dynamic_programming,57.91187874329853,56.45620022753129,16.092968520152983,80.89430894308943,84.40892046575884,53.65079365079365,69.66490299823633,13.878787878787877,26.972010178117046,90.27040687389437,75.22697795071336,69.51438848920863
sft_lora,average,Qwen3-4B-Instruct-2507,qwen3_4b,no_graph_structures_and_stateful_systems,57.900129252925815,56.76905574516496,16.092968520152986,79.8780487804878,84.8628379711861,52.06349206349207,70.37037037037037,13.090909090909086,27.608142493638677,90.01769016932019,76.7833981841764,69.36450839328538
sft_lora,average,Qwen3-4B-Instruct-2507,qwen3_4b,no_greedy_search_and_optimization,57.74299683778232,56.79749715585893,15.857605177993525,79.87804878048782,84.70495362147227,51.74603174603175,70.28218694885362,13.181818181818178,26.972010178117046,89.71443012383118,76.52399481193255,69.51438848920863
sft_lora,average,Qwen3-4B-Instruct-2507,qwen3_4b,no_hashing_counting_and_sets,57.789265800276176,57.3094425483504,16.092968520152983,78.45528455284553,84.42865600947306,54.285714285714285,69.48853615520282,13.727272727272727,26.590330788804067,90.0429618397776,75.35667963683528,69.9040767386091
sft_lora,average,Qwen3-4B-Instruct-2507,qwen3_4b,no_math_and_number_theory,58.31393582169991,56.797497155858935,16.357752280082376,81.5040650406504,84.94178014604303,55.23809523809524,70.10582010582011,13.212121212121211,26.84478371501272,89.73970179428859,77.30220492866408,69.40947242206235
sft_lora,average,Qwen3-4B-Instruct-2507,qwen3_4b,no_range_window_and_matrix_processing,58.19429037109929,57.05346985210466,16.887319799941153,80.28455284552845,85.11940003947109,54.92063492063492,70.19400352733686,12.696969696969694,25.826972010178114,89.63861511245894,77.82101167315176,69.69424460431655
sft_lora,average,Qwen3-4B-Instruct-2507,qwen3_4b,no_sequence_transformations,57.87486582911941,57.081911262798634,16.68137687555163,80.08130081300813,84.66548253404382,52.38095238095238,69.57671957671958,13.636363636363631,26.335877862595414,89.84078847611828,76.78339818417639,69.5593525179856
sft_lora,average,Qwen3-4B-Instruct-2507,qwen3_4b,no_sorting_and_ordered_processing,57.84342641292188,56.62684869169511,15.975286849073255,80.08130081300813,84.42865600947306,53.96825396825397,69.40035273368606,13.272727272727268,26.590330788804067,89.84078847611828,76.65369649805449,69.43944844124701
sft_lora,average,Qwen3-4B-Instruct-2507,qwen3_4b,no_string_and_parsing,57.846434849251615,56.74061433447099,17.122683142100616,80.08130081300813,84.70495362147227,53.01587301587301,69.57671957671958,13.545454545454541,26.081424936386767,89.96714682840536,76.00518806744488,69.46942446043165

