model,arm,dataset,score
Qwen2.5-7B-Instruct,base,HumanEval,52.4390243902439
Qwen2.5-7B-Instruct,base,MBPP-Simple,76.26459143968872
Qwen2.5-7B-Instruct,base,MBPP+,68.78306878306879
Qwen2.5-7B-Instruct,base,GSM8K,77.10386656557998
Qwen2.5-7B-Instruct,base,MATH-Med,57.14285714285714
Qwen2.5-7B-Instruct,base,MATH-High,30.15267175572519
Qwen2.5-7B-Instruct,base,FinQA,26.654898499558694
Qwen2.5-7B-Instruct,base,MedCalc,7.454545454545454
Qwen2.5-7B-Instruct,base,ARC-C,69.19795221843003
Qwen2.5-7B-Instruct,base,LegalBench,72.35050325636472
Qwen2.5-7B-Instruct,base,ScienceQA,76.48381294964028
Qwen2.5-7B-Instruct,base,Overall,55.820708405063904
Qwen2.5-7B-Instruct,full_dapo,HumanEval,57.92682926829268
Qwen2.5-7B-Instruct,full_dapo,MBPP-Simple,75.09727626459144
Qwen2.5-7B-Instruct,full_dapo,MBPP+,66.66666666666666
Qwen2.5-7B-Instruct,full_dapo,GSM8K,76.42153146322971
Qwen2.5-7B-Instruct,full_dapo,MATH-Med,54.285714285714285
Qwen2.5-7B-Instruct,full_dapo,MATH-High,29.00763358778626
Qwen2.5-7B-Instruct,full_dapo,FinQA,24.007060900264783
Qwen2.5-7B-Instruct,full_dapo,MedCalc,6.909090909090909
Qwen2.5-7B-Instruct,full_dapo,ARC-C,69.11262798634812
Qwen2.5-7B-Instruct,full_dapo,LegalBench,72.11367673179396
Qwen2.5-7B-Instruct,full_dapo,ScienceQA,76.61870503597122
Qwen2.5-7B-Instruct,full_dapo,Overall,55.28789209997728
Qwen2.5-7B-Instruct,full_dapo_12168,HumanEval,56.09756097560976
Qwen2.5-7B-Instruct,full_dapo_12168,MBPP-Simple,75.09727626459144
Qwen2.5-7B-Instruct,full_dapo_12168,MBPP+,66.93121693121694
Qwen2.5-7B-Instruct,full_dapo_12168,GSM8K,76.42153146322971
Qwen2.5-7B-Instruct,full_dapo_12168,MATH-Med,55.23809523809524
Qwen2.5-7B-Instruct,full_dapo_12168,MATH-High,30.916030534351147
Qwen2.5-7B-Instruct,full_dapo_12168,FinQA,25.419240953221532
Qwen2.5-7B-Instruct,full_dapo_12168,MedCalc,6.2727272727272725
Qwen2.5-7B-Instruct,full_dapo_12168,ARC-C,69.02730375426621
Qwen2.5-7B-Instruct,full_dapo_12168,LegalBench,72.05447010065127
Qwen2.5-7B-Instruct,full_dapo_12168,ScienceQA,76.43884892086331
Qwen2.5-7B-Instruct,full_dapo_12168,Overall,55.44675476443853
Qwen2.5-7B-Instruct,no_math_number_theory,HumanEval,53.04878048780488
Qwen2.5-7B-Instruct,no_math_number_theory,MBPP-Simple,74.70817120622569
Qwen2.5-7B-Instruct,no_math_number_theory,MBPP+,67.72486772486772
Qwen2.5-7B-Instruct,no_math_number_theory,GSM8K,77.710386656558
Qwen2.5-7B-Instruct,no_math_number_theory,MATH-Med,55.23809523809524
Qwen2.5-7B-Instruct,no_math_number_theory,MATH-High,30.53435114503817
Qwen2.5-7B-Instruct,no_math_number_theory,FinQA,24.360105913503972
Qwen2.5-7B-Instruct,no_math_number_theory,MedCalc,6.636363636363636
Qwen2.5-7B-Instruct,no_math_number_theory,ARC-C,69.28327645051195
Qwen2.5-7B-Instruct,no_math_number_theory,LegalBench,72.29129662522202
Qwen2.5-7B-Instruct,no_math_number_theory,ScienceQA,76.70863309352518
Qwen2.5-7B-Instruct,no_math_number_theory,Overall,55.294938925246946
Qwen2.5-7B-Instruct,no_data_structure,HumanEval,53.65853658536586
Qwen2.5-7B-Instruct,no_data_structure,MBPP-Simple,75.87548638132296
Qwen2.5-7B-Instruct,no_data_structure,MBPP+,67.46031746031747
Qwen2.5-7B-Instruct,no_data_structure,GSM8K,76.95223654283548
Qwen2.5-7B-Instruct,no_data_structure,MATH-Med,55.23809523809524
Qwen2.5-7B-Instruct,no_data_structure,MATH-High,29.00763358778626
Qwen2.5-7B-Instruct,no_data_structure,FinQA,24.71315092674316
Qwen2.5-7B-Instruct,no_data_structure,MedCalc,6.0
Qwen2.5-7B-Instruct,no_data_structure,ARC-C,69.11262798634812
Qwen2.5-7B-Instruct,no_data_structure,LegalBench,72.29129662522202
Qwen2.5-7B-Instruct,no_data_structure,ScienceQA,76.61870503597122
Qwen2.5-7B-Instruct,no_data_structure,Overall,55.175280579091606
Qwen2.5-7B-Instruct,no_dynamic_programming,HumanEval,57.92682926829268
Qwen2.5-7B-Instruct,no_dynamic_programming,MBPP-Simple,74.70817120622569
Qwen2.5-7B-Instruct,no_dynamic_programming,MBPP+,66.66666666666666
Qwen2.5-7B-Instruct,no_dynamic_programming,GSM8K,77.48294162244125
Qwen2.5-7B-Instruct,no_dynamic_programming,MATH-Med,51.42857142857142
Qwen2.5-7B-Instruct,no_dynamic_programming,MATH-High,29.389312977099237
Qwen2.5-7B-Instruct,no_dynamic_programming,FinQA,24.97793468667255
Qwen2.5-7B-Instruct,no_dynamic_programming,MedCalc,6.636363636363636
Qwen2.5-7B-Instruct,no_dynamic_programming,ARC-C,69.28327645051195
Qwen2.5-7B-Instruct,no_dynamic_programming,LegalBench,72.05447010065127
Qwen2.5-7B-Instruct,no_dynamic_programming,ScienceQA,76.57374100719424
Qwen2.5-7B-Instruct,no_dynamic_programming,Overall,55.19347991369914
Qwen2.5-7B-Instruct,no_greedy_search,HumanEval,52.4390243902439
Qwen2.5-7B-Instruct,no_greedy_search,MBPP-Simple,77.04280155642024
Qwen2.5-7B-Instruct,no_greedy_search,MBPP+,67.46031746031747
Qwen2.5-7B-Instruct,no_greedy_search,GSM8K,76.34571645185747
Qwen2.5-7B-Instruct,no_greedy_search,MATH-Med,57.14285714285714
Qwen2.5-7B-Instruct,no_greedy_search,MATH-High,28.24427480916031
Qwen2.5-7B-Instruct,no_greedy_search,FinQA,24.97793468667255
Qwen2.5-7B-Instruct,no_greedy_search,MedCalc,6.8181818181818175
Qwen2.5-7B-Instruct,no_greedy_search,ARC-C,69.19795221843003
Qwen2.5-7B-Instruct,no_greedy_search,LegalBench,72.17288336293664
Qwen2.5-7B-Instruct,no_greedy_search,ScienceQA,76.75359712230215
Qwen2.5-7B-Instruct,no_greedy_search,Overall,55.32686736539815
Qwen2.5-7B-Instruct,no_implementation_simulation,HumanEval,55.487804878048784
Qwen2.5-7B-Instruct,no_implementation_simulation,MBPP-Simple,76.26459143968872
Qwen2.5-7B-Instruct,no_implementation_simulation,MBPP+,67.1957671957672
Qwen2.5-7B-Instruct,no_implementation_simulation,GSM8K,77.78620166793026
Qwen2.5-7B-Instruct,no_implementation_simulation,MATH-Med,59.04761904761905
Qwen2.5-7B-Instruct,no_implementation_simulation,MATH-High,27.480916030534353
Qwen2.5-7B-Instruct,no_implementation_simulation,FinQA,24.801412180052957
Qwen2.5-7B-Instruct,no_implementation_simulation,MedCalc,6.454545454545454
Qwen2.5-7B-Instruct,no_implementation_simulation,ARC-C,68.94197952218431
Qwen2.5-7B-Instruct,no_implementation_simulation,LegalBench,72.11367673179396
Qwen2.5-7B-Instruct,no_implementation_simulation,ScienceQA,76.52877697841727
Qwen2.5-7B-Instruct,no_implementation_simulation,Overall,55.6457537387802
Qwen2.5-7B-Instruct,no_graph,HumanEval,53.65853658536586
Qwen2.5-7B-Instruct,no_graph,MBPP-Simple,75.09727626459144
Qwen2.5-7B-Instruct,no_graph,MBPP+,67.1957671957672
Qwen2.5-7B-Instruct,no_graph,GSM8K,76.04245640636846
Qwen2.5-7B-Instruct,no_graph,MATH-Med,56.19047619047619
Qwen2.5-7B-Instruct,no_graph,MATH-High,30.53435114503817
Qwen2.5-7B-Instruct,no_graph,FinQA,25.59576345984113
Qwen2.5-7B-Instruct,no_graph,MedCalc,6.454545454545454
Qwen2.5-7B-Instruct,no_graph,ARC-C,69.11262798634812
Qwen2.5-7B-Instruct,no_graph,LegalBench,72.11367673179396
Qwen2.5-7B-Instruct,no_graph,ScienceQA,76.61870503597122
Qwen2.5-7B-Instruct,no_graph,Overall,55.32856204146428
Qwen2.5-7B-Instruct,no_other_algorithm,HumanEval,54.268292682926834
Qwen2.5-7B-Instruct,no_other_algorithm,MBPP-Simple,77.04280155642024
Qwen2.5-7B-Instruct,no_other_algorithm,MBPP+,67.98941798941799
Qwen2.5-7B-Instruct,no_other_algorithm,GSM8K,76.11827141774071
Qwen2.5-7B-Instruct,no_other_algorithm,MATH-Med,54.285714285714285
Qwen2.5-7B-Instruct,no_other_algorithm,MATH-High,27.099236641221374
Qwen2.5-7B-Instruct,no_other_algorithm,FinQA,24.271844660194176
Qwen2.5-7B-Instruct,no_other_algorithm,MedCalc,6.636363636363636
Qwen2.5-7B-Instruct,no_other_algorithm,ARC-C,69.19795221843003
Qwen2.5-7B-Instruct,no_other_algorithm,LegalBench,72.23208999407935
Qwen2.5-7B-Instruct,no_other_algorithm,ScienceQA,76.66366906474819
Qwen2.5-7B-Instruct,no_other_algorithm,Overall,55.07324128611426
Qwen3-8B-Base,base,HumanEval,79.26829268292683
Qwen3-8B-Base,base,MBPP-Simple,80.93385214007782
Qwen3-8B-Base,base,MBPP+,77.24867724867724
Qwen3-8B-Base,base,GSM8K,86.9598180439727
Qwen3-8B-Base,base,MATH-Med,60.952380952380956
Qwen3-8B-Base,base,MATH-High,33.20610687022901
Qwen3-8B-Base,base,FinQA,41.30626654898499
Qwen3-8B-Base,base,MedCalc,10.363636363636363
Qwen3-8B-Base,base,ARC-C,78.15699658703072
Qwen3-8B-Base,base,LegalBench,78.44878626406158
Qwen3-8B-Base,base,ScienceQA,81.33992805755396
Qwen3-8B-Base,base,Overall,64.38043106904837
Qwen3-8B-Base,full_dapo,HumanEval,75.60975609756098
Qwen3-8B-Base,full_dapo,MBPP-Simple,82.49027237354085
Qwen3-8B-Base,full_dapo,MBPP+,76.71957671957672
Qwen3-8B-Base,full_dapo,GSM8K,87.11144806671722
Qwen3-8B-Base,full_dapo,MATH-Med,57.14285714285714
Qwen3-8B-Base,full_dapo,MATH-High,33.969465648854964
Qwen3-8B-Base,full_dapo,FinQA,41.30626654898499
Qwen3-8B-Base,full_dapo,MedCalc,9.272727272727273
Qwen3-8B-Base,full_dapo,ARC-C,77.55972696245735
Qwen3-8B-Base,full_dapo,LegalBench,78.92243931320307
Qwen3-8B-Base,full_dapo,ScienceQA,81.11510791366906
Qwen3-8B-Base,full_dapo,Overall,63.7472403691045
Qwen3-8B-Base,full_dapo_12168,HumanEval,77.4390243902439
Qwen3-8B-Base,full_dapo_12168,MBPP-Simple,83.65758754863813
Qwen3-8B-Base,full_dapo_12168,MBPP+,75.39682539682539
Qwen3-8B-Base,full_dapo_12168,GSM8K,87.11144806671722
Qwen3-8B-Base,full_dapo_12168,MATH-Med,58.0952380952381
Qwen3-8B-Base,full_dapo_12168,MATH-High,33.587786259541986
Qwen3-8B-Base,full_dapo_12168,FinQA,41.65931156222418
Qwen3-8B-Base,full_dapo_12168,MedCalc,10.0
Qwen3-8B-Base,full_dapo_12168,ARC-C,77.98634812286689
Qwen3-8B-Base,full_dapo_12168,LegalBench,79.04085257548846
Qwen3-8B-Base,full_dapo_12168,ScienceQA,81.42985611510791
Qwen3-8B-Base,full_dapo_12168,Overall,64.12766164844474
Qwen3-8B-Base,no_math_number_theory,HumanEval,79.26829268292683
Qwen3-8B-Base,no_math_number_theory,MBPP-Simple,82.49027237354085
Qwen3-8B-Base,no_math_number_theory,MBPP+,75.92592592592592
Qwen3-8B-Base,no_math_number_theory,GSM8K,86.88400303260046
Qwen3-8B-Base,no_math_number_theory,MATH-Med,58.0952380952381
Qwen3-8B-Base,no_math_number_theory,MATH-High,32.06106870229007
Qwen3-8B-Base,no_math_number_theory,FinQA,41.1297440423654
Qwen3-8B-Base,no_math_number_theory,MedCalc,9.727272727272727
Qwen3-8B-Base,no_math_number_theory,ARC-C,78.24232081911263
Qwen3-8B-Base,no_math_number_theory,LegalBench,78.44878626406158
Qwen3-8B-Base,no_math_number_theory,ScienceQA,81.33992805755396
Qwen3-8B-Base,no_math_number_theory,Overall,63.96480479298987
Qwen3-8B-Base,no_data_structure,HumanEval,73.17073170731707
Qwen3-8B-Base,no_data_structure,MBPP-Simple,81.32295719844358
Qwen3-8B-Base,no_data_structure,MBPP+,75.92592592592592
Qwen3-8B-Base,no_data_structure,GSM8K,87.71796815769522
Qwen3-8B-Base,no_data_structure,MATH-Med,57.14285714285714
Qwen3-8B-Base,no_data_structure,MATH-High,33.20610687022901
Qwen3-8B-Base,no_data_structure,FinQA,41.48278905560459
Qwen3-8B-Base,no_data_structure,MedCalc,9.545454545454547
Qwen3-8B-Base,no_data_structure,ARC-C,78.41296928327644
Qwen3-8B-Base,no_data_structure,LegalBench,79.39609236234459
Qwen3-8B-Base,no_data_structure,ScienceQA,80.93525179856115
Qwen3-8B-Base,no_data_structure,Overall,63.47810036797357
Qwen3-8B-Base,no_dynamic_programming,HumanEval,80.48780487804879
Qwen3-8B-Base,no_dynamic_programming,MBPP-Simple,83.26848249027238
Qwen3-8B-Base,no_dynamic_programming,MBPP+,75.66137566137566
Qwen3-8B-Base,no_dynamic_programming,GSM8K,87.03563305534496
Qwen3-8B-Base,no_dynamic_programming,MATH-Med,51.42857142857142
Qwen3-8B-Base,no_dynamic_programming,MATH-High,30.53435114503817
Qwen3-8B-Base,no_dynamic_programming,FinQA,41.48278905560459
Qwen3-8B-Base,no_dynamic_programming,MedCalc,9.363636363636365
Qwen3-8B-Base,no_dynamic_programming,ARC-C,78.32764505119454
Qwen3-8B-Base,no_dynamic_programming,LegalBench,78.50799289520425
Qwen3-8B-Base,no_dynamic_programming,ScienceQA,81.0251798561151
Qwen3-8B-Base,no_dynamic_programming,Overall,63.374860170946015
Qwen3-8B-Base,no_greedy_search,HumanEval,74.39024390243902
Qwen3-8B-Base,no_greedy_search,MBPP-Simple,82.49027237354085
Qwen3-8B-Base,no_greedy_search,MBPP+,76.19047619047619
Qwen3-8B-Base,no_greedy_search,GSM8K,87.26307808946171
Qwen3-8B-Base,no_greedy_search,MATH-Med,60.0
Qwen3-8B-Base,no_greedy_search,MATH-High,35.11450381679389
Qwen3-8B-Base,no_greedy_search,FinQA,41.57105030891439
Qwen3-8B-Base,no_greedy_search,MedCalc,10.909090909090908
Qwen3-8B-Base,no_greedy_search,ARC-C,77.55972696245735
Qwen3-8B-Base,no_greedy_search,LegalBench,78.98164594434577
Qwen3-8B-Base,no_greedy_search,ScienceQA,80.80035971223022
Qwen3-8B-Base,no_greedy_search,Overall,64.11549529179548
Qwen3-8B-Base,no_implementation_simulation,HumanEval,77.4390243902439
Qwen3-8B-Base,no_implementation_simulation,MBPP-Simple,82.10116731517509
Qwen3-8B-Base,no_implementation_simulation,MBPP+,76.71957671957672
Qwen3-8B-Base,no_implementation_simulation,GSM8K,87.56633813495071
Qwen3-8B-Base,no_implementation_simulation,MATH-Med,60.952380952380956
Qwen3-8B-Base,no_implementation_simulation,MATH-High,31.679389312977097
Qwen3-8B-Base,no_implementation_simulation,FinQA,40.77669902912621
Qwen3-8B-Base,no_implementation_simulation,MedCalc,9.363636363636365
Qwen3-8B-Base,no_implementation_simulation,ARC-C,78.32764505119454
Qwen3-8B-Base,no_implementation_simulation,LegalBench,78.86323268206039
Qwen3-8B-Base,no_implementation_simulation,ScienceQA,80.98021582733813
Qwen3-8B-Base,no_implementation_simulation,Overall,64.0699368889691
Qwen3-8B-Base,no_graph,HumanEval,76.21951219512195
Qwen3-8B-Base,no_graph,MBPP-Simple,82.49027237354085
Qwen3-8B-Base,no_graph,MBPP+,76.45502645502646
Qwen3-8B-Base,no_graph,GSM8K,86.05003790750568
Qwen3-8B-Base,no_graph,MATH-Med,60.0
Qwen3-8B-Base,no_graph,MATH-High,29.770992366412212
Qwen3-8B-Base,no_graph,FinQA,40.86496028243601
Qwen3-8B-Base,no_graph,MedCalc,10.545454545454545
Qwen3-8B-Base,no_graph,ARC-C,77.55972696245735
Qwen3-8B-Base,no_graph,LegalBench,79.04085257548846
Qwen3-8B-Base,no_graph,ScienceQA,80.98021582733813
Qwen3-8B-Base,no_graph,Overall,63.634277408252885
Qwen3-8B-Base,no_other_algorithm,HumanEval,79.26829268292683
Qwen3-8B-Base,no_other_algorithm,MBPP-Simple,83.26848249027238
Qwen3-8B-Base,no_other_algorithm,MBPP+,75.39682539682539
Qwen3-8B-Base,no_other_algorithm,GSM8K,87.11144806671722
Qwen3-8B-Base,no_other_algorithm,MATH-Med,60.952380952380956
Qwen3-8B-Base,no_other_algorithm,MATH-High,30.916030534351147
Qwen3-8B-Base,no_other_algorithm,FinQA,41.48278905560459
Qwen3-8B-Base,no_other_algorithm,MedCalc,10.09090909090909
Qwen3-8B-Base,no_other_algorithm,ARC-C,77.98634812286689
Qwen3-8B-Base,no_other_algorithm,LegalBench,78.62640615748964
Qwen3-8B-Base,no_other_algorithm,ScienceQA,81.11510791366906
Qwen3-8B-Base,no_other_algorithm,Overall,64.20136549672847
