model,arm,display,dataset,mean_score,std_score
Qwen2.5-7B-Instruct,full_sft,Qwen2.5-7B full_sft,ARC-C,68.97042093287827,1.100429017187321
Qwen2.5-7B-Instruct,full_sft,Qwen2.5-7B full_sft,FinQA,28.420123565754636,4.189388980160928
Qwen2.5-7B-Instruct,full_sft,Qwen2.5-7B full_sft,GSM8K,77.48294162244125,0.6823351023502653
Qwen2.5-7B-Instruct,full_sft,Qwen2.5-7B full_sft,HumanEval,60.569105691056905,2.141393039197712
Qwen2.5-7B-Instruct,full_sft,Qwen2.5-7B full_sft,LegalBench,75.27136372607066,0.3617584918062668
Qwen2.5-7B-Instruct,full_sft,Qwen2.5-7B full_sft,MATH-High,30.025445292620862,0.7945290074298227
Qwen2.5-7B-Instruct,full_sft,Qwen2.5-7B full_sft,MATH-Med,57.46031746031747,1.9825390471106026
Qwen2.5-7B-Instruct,full_sft,Qwen2.5-7B full_sft,MBPP+,60.9347442680776,1.504296482295593
Qwen2.5-7B-Instruct,full_sft,Qwen2.5-7B full_sft,MBPP-Simple,66.9260700389105,1.029475218313074
Qwen2.5-7B-Instruct,full_sft,Qwen2.5-7B full_sft,MedCalc,7.939393939393939,1.54901550534934
Qwen2.5-7B-Instruct,full_sft,Qwen2.5-7B full_sft,Overall,55.540760707684036,0.612116377676492
Qwen2.5-7B-Instruct,full_sft,Qwen2.5-7B full_sft,ScienceQA,76.9484412470024,0.1579084795091799
Qwen2.5-7B-Instruct,full_sft_14043,Qwen2.5-7B full_sft_14043,ARC-C,70.22184300341297,1.0345013355786845
Qwen2.5-7B-Instruct,full_sft_14043,Qwen2.5-7B full_sft_14043,FinQA,32.86260664901442,5.769028107883673
Qwen2.5-7B-Instruct,full_sft_14043,Qwen2.5-7B full_sft_14043,GSM8K,78.56962345211019,0.7044407310976172
Qwen2.5-7B-Instruct,full_sft_14043,Qwen2.5-7B full_sft_14043,HumanEval,60.16260162601626,1.4081713882673832
Qwen2.5-7B-Instruct,full_sft_14043,Qwen2.5-7B full_sft_14043,LegalBench,75.56739688178409,0.5306623114169674
Qwen2.5-7B-Instruct,full_sft_14043,Qwen2.5-7B full_sft_14043,MATH-High,27.989821882951656,0.9605387322227417
Qwen2.5-7B-Instruct,full_sft_14043,Qwen2.5-7B full_sft_14043,MATH-Med,57.142857142857146,0.9523809523809552
Qwen2.5-7B-Instruct,full_sft_14043,Qwen2.5-7B full_sft_14043,MBPP+,60.58201058201058,0.5291005291005302
Qwen2.5-7B-Instruct,full_sft_14043,Qwen2.5-7B full_sft_14043,MBPP-Simple,67.96368352788586,1.1887355888341966
Qwen2.5-7B-Instruct,full_sft_14043,Qwen2.5-7B full_sft_14043,MedCalc,7.606060606060606,0.5914915544225187
Qwen2.5-7B-Instruct,full_sft_14043,Qwen2.5-7B full_sft_14043,Overall,56.0319417337391,0.7229558478209489
Qwen2.5-7B-Instruct,full_sft_14043,Qwen2.5-7B full_sft_14043,ScienceQA,77.68285371702638,0.532654545680961
Qwen2.5-7B-Instruct,no_data_structure,Qwen2.5-7B no_data_structure,ARC-C,70.42093287827076,0.40322658927070015
Qwen2.5-7B-Instruct,no_data_structure,Qwen2.5-7B no_data_structure,FinQA,30.332450720800235,5.219616601034444
Qwen2.5-7B-Instruct,no_data_structure,Qwen2.5-7B no_data_structure,GSM8K,77.20495324740965,0.28703100054587183
Qwen2.5-7B-Instruct,no_data_structure,Qwen2.5-7B no_data_structure,HumanEval,58.536585365853654,0.0
Qwen2.5-7B-Instruct,no_data_structure,Qwen2.5-7B no_data_structure,LegalBench,75.42924807578449,0.6265840878779361
Qwen2.5-7B-Instruct,no_data_structure,Qwen2.5-7B no_data_structure,MATH-High,26.844783715012724,1.4450148462596148
Qwen2.5-7B-Instruct,no_data_structure,Qwen2.5-7B no_data_structure,MATH-Med,56.82539682539683,0.5498573992282131
Qwen2.5-7B-Instruct,no_data_structure,Qwen2.5-7B no_data_structure,MBPP+,62.43386243386243,1.8518518518518532
Qwen2.5-7B-Instruct,no_data_structure,Qwen2.5-7B no_data_structure,MBPP-Simple,68.2230869001297,1.1887355888342053
Qwen2.5-7B-Instruct,no_data_structure,Qwen2.5-7B no_data_structure,MedCalc,6.757575757575758,0.68835252676367
Qwen2.5-7B-Instruct,no_data_structure,Qwen2.5-7B no_data_structure,Overall,55.494266679459365,0.38262386185679154
Qwen2.5-7B-Instruct,no_data_structure,Qwen2.5-7B no_data_structure,ScienceQA,77.42805755395683,0.6049291388072683
Qwen2.5-7B-Instruct,no_dynamic_programming,Qwen2.5-7B no_dynamic_programming,ARC-C,69.11262798634812,0.8228370956478593
Qwen2.5-7B-Instruct,no_dynamic_programming,Qwen2.5-7B no_dynamic_programming,FinQA,33.980582524271846,1.0405848298809897
Qwen2.5-7B-Instruct,no_dynamic_programming,Qwen2.5-7B no_dynamic_programming,GSM8K,77.4323982815264,0.9599908978126224
Qwen2.5-7B-Instruct,no_dynamic_programming,Qwen2.5-7B no_dynamic_programming,HumanEval,58.536585365853654,2.198506875282924
Qwen2.5-7B-Instruct,no_dynamic_programming,Qwen2.5-7B no_dynamic_programming,LegalBench,74.32405762778764,0.6494763241327967
Qwen2.5-7B-Instruct,no_dynamic_programming,Qwen2.5-7B no_dynamic_programming,MATH-High,28.244274809160306,0.38167938931297446
Qwen2.5-7B-Instruct,no_dynamic_programming,Qwen2.5-7B no_dynamic_programming,MATH-Med,56.82539682539683,1.9825390471106026
Qwen2.5-7B-Instruct,no_dynamic_programming,Qwen2.5-7B no_dynamic_programming,MBPP+,60.758377425044095,1.616428816562906
Qwen2.5-7B-Instruct,no_dynamic_programming,Qwen2.5-7B no_dynamic_programming,MBPP-Simple,66.40726329442283,1.9194096740530164
Qwen2.5-7B-Instruct,no_dynamic_programming,Qwen2.5-7B no_dynamic_programming,MedCalc,6.909090909090909,0.41659779045053114
Qwen2.5-7B-Instruct,no_dynamic_programming,Qwen2.5-7B no_dynamic_programming,Overall,55.46032987909143,0.4349311857713215
Qwen2.5-7B-Instruct,no_dynamic_programming,Qwen2.5-7B no_dynamic_programming,ScienceQA,77.53297362110311,0.2634651653364328
Qwen2.5-7B-Instruct,no_graph,Qwen2.5-7B no_graph,ARC-C,67.9749715585893,0.4294558836900284
Qwen2.5-7B-Instruct,no_graph,Qwen2.5-7B no_graph,FinQA,33.92174168873198,0.45292157453193976
Qwen2.5-7B-Instruct,no_graph,Qwen2.5-7B no_graph,GSM8K,76.6742481678039,1.051435130791746
Qwen2.5-7B-Instruct,no_graph,Qwen2.5-7B no_graph,HumanEval,57.3170731707317,2.4390243902438984
Qwen2.5-7B-Instruct,no_graph,Qwen2.5-7B no_graph,LegalBench,75.40951253207025,1.2564273962815875
Qwen2.5-7B-Instruct,no_graph,Qwen2.5-7B no_graph,MATH-High,27.735368956743002,0.4407253963279596
Qwen2.5-7B-Instruct,no_graph,Qwen2.5-7B no_graph,MATH-Med,58.095238095238095,1.9047619047619042
Qwen2.5-7B-Instruct,no_graph,Qwen2.5-7B no_graph,MBPP+,61.111111111111114,1.4729535351402123
Qwen2.5-7B-Instruct,no_graph,Qwen2.5-7B no_graph,MBPP-Simple,65.36964980544747,1.3478994611430903
Qwen2.5-7B-Instruct,no_graph,Qwen2.5-7B no_graph,MedCalc,7.363636363636364,1.3111095547141778
Qwen2.5-7B-Instruct,no_graph,Qwen2.5-7B no_graph,Overall,55.291433170850894,0.29409433493624676
Qwen2.5-7B-Instruct,no_graph,Qwen2.5-7B no_graph,ScienceQA,77.2332134292566,0.06868368847356274
Qwen2.5-7B-Instruct,no_greedy_search,Qwen2.5-7B no_greedy_search,ARC-C,69.11262798634813,0.17064846416382018
Qwen2.5-7B-Instruct,no_greedy_search,Qwen2.5-7B no_greedy_search,FinQA,33.59811709326272,1.1753447693697074
Qwen2.5-7B-Instruct,no_greedy_search,Qwen2.5-7B no_greedy_search,GSM8K,75.15794794035885,3.5336085541588846
Qwen2.5-7B-Instruct,no_greedy_search,Qwen2.5-7B no_greedy_search,HumanEval,61.382113821138205,2.464299929467921
Qwen2.5-7B-Instruct,no_greedy_search,Qwen2.5-7B no_greedy_search,LegalBench,74.34379317150187,0.5501227497440812
Qwen2.5-7B-Instruct,no_greedy_search,Qwen2.5-7B no_greedy_search,MATH-High,29.134860050890584,1.8037464222338213
Qwen2.5-7B-Instruct,no_greedy_search,Qwen2.5-7B no_greedy_search,MATH-Med,56.507936507936506,1.4547859349066186
Qwen2.5-7B-Instruct,no_greedy_search,Qwen2.5-7B no_greedy_search,MBPP+,61.7283950617284,0.6657702323871892
Qwen2.5-7B-Instruct,no_greedy_search,Qwen2.5-7B no_greedy_search,MBPP-Simple,66.2775616083009,1.1232495509525753
Qwen2.5-7B-Instruct,no_greedy_search,Qwen2.5-7B no_greedy_search,MedCalc,6.939393939393939,1.0054945468507308
Qwen2.5-7B-Instruct,no_greedy_search,Qwen2.5-7B no_greedy_search,Overall,55.62550808249807,0.6599909996636171
Qwen2.5-7B-Instruct,no_greedy_search,Qwen2.5-7B no_greedy_search,ScienceQA,77.6978417266187,0.2248201438848838
Qwen2.5-7B-Instruct,no_implementation_simulation,Qwen2.5-7B no_implementation_simulation,ARC-C,68.08873720136519,0.37191970508025857
Qwen2.5-7B-Instruct,no_implementation_simulation,Qwen2.5-7B no_implementation_simulation,FinQA,31.89173286260665,4.056498468407084
Qwen2.5-7B-Instruct,no_implementation_simulation,Qwen2.5-7B no_implementation_simulation,GSM8K,75.8150113722517,0.6065200909780089
Qwen2.5-7B-Instruct,no_implementation_simulation,Qwen2.5-7B no_implementation_simulation,HumanEval,63.41463414634146,1.613262994551585
Qwen2.5-7B-Instruct,no_implementation_simulation,Qwen2.5-7B no_implementation_simulation,LegalBench,75.48845470692719,0.36013987745993187
Qwen2.5-7B-Instruct,no_implementation_simulation,Qwen2.5-7B no_implementation_simulation,MATH-High,29.00763358778626,2.9810113266819314
Qwen2.5-7B-Instruct,no_implementation_simulation,Qwen2.5-7B no_implementation_simulation,MATH-Med,55.55555555555555,1.4547859349066146
Qwen2.5-7B-Instruct,no_implementation_simulation,Qwen2.5-7B no_implementation_simulation,MBPP+,63.75661375661375,0.45821449935685293
Qwen2.5-7B-Instruct,no_implementation_simulation,Qwen2.5-7B no_implementation_simulation,MBPP-Simple,70.94682230869002,1.7971992815241349
Qwen2.5-7B-Instruct,no_implementation_simulation,Qwen2.5-7B no_implementation_simulation,MedCalc,5.636363636363636,0.7441229792611318
Qwen2.5-7B-Instruct,no_implementation_simulation,Qwen2.5-7B no_implementation_simulation,Overall,56.050000034682164,0.08718977657097683
Qwen2.5-7B-Instruct,no_implementation_simulation,Qwen2.5-7B no_implementation_simulation,ScienceQA,76.9484412470024,0.09360008990405645
Qwen2.5-7B-Instruct,no_math_number_theory,Qwen2.5-7B no_math_number_theory,ARC-C,69.14106939704209,0.8417888843543092
Qwen2.5-7B-Instruct,no_math_number_theory,Qwen2.5-7B no_math_number_theory,FinQA,31.215063253898204,2.853628868015801
Qwen2.5-7B-Instruct,no_math_number_theory,Qwen2.5-7B no_math_number_theory,GSM8K,76.6742481678039,1.7962452002948532
Qwen2.5-7B-Instruct,no_math_number_theory,Qwen2.5-7B no_math_number_theory,HumanEval,60.569105691056905,2.3084993275610906
Qwen2.5-7B-Instruct,no_math_number_theory,Qwen2.5-7B no_math_number_theory,LegalBench,74.40299980264456,0.36175849180627184
Qwen2.5-7B-Instruct,no_math_number_theory,Qwen2.5-7B no_math_number_theory,MATH-High,28.62595419847328,1.145038167938929
Qwen2.5-7B-Instruct,no_math_number_theory,Qwen2.5-7B no_math_number_theory,MATH-Med,55.23809523809524,4.364357804719851
Qwen2.5-7B-Instruct,no_math_number_theory,Qwen2.5-7B no_math_number_theory,MBPP+,60.67019400352734,0.5507052908640563
Qwen2.5-7B-Instruct,no_math_number_theory,Qwen2.5-7B no_math_number_theory,MBPP-Simple,67.83398184176393,1.5725493713336125
Qwen2.5-7B-Instruct,no_math_number_theory,Qwen2.5-7B no_math_number_theory,MedCalc,7.212121212121212,0.7061321331958209
Qwen2.5-7B-Instruct,no_math_number_theory,Qwen2.5-7B no_math_number_theory,Overall,55.35236347945932,0.10697629033066632
Qwen2.5-7B-Instruct,no_math_number_theory,Qwen2.5-7B no_math_number_theory,ScienceQA,77.2931654676259,0.16212011130683804
Qwen2.5-7B-Instruct,no_other_algorithm,Qwen2.5-7B no_other_algorithm,ARC-C,69.56769055745166,0.9815377660260105
Qwen2.5-7B-Instruct,no_other_algorithm,Qwen2.5-7B no_other_algorithm,FinQA,34.451309208590764,3.2361122227577606
Qwen2.5-7B-Instruct,no_other_algorithm,Qwen2.5-7B no_other_algorithm,GSM8K,76.62370482688907,1.505521456518216
Qwen2.5-7B-Instruct,no_other_algorithm,Qwen2.5-7B no_other_algorithm,HumanEval,59.146341463414636,2.657865209476024
Qwen2.5-7B-Instruct,no_other_algorithm,Qwen2.5-7B no_other_algorithm,LegalBench,76.08052101835405,0.6828041796726351
Qwen2.5-7B-Instruct,no_other_algorithm,Qwen2.5-7B no_other_algorithm,MATH-High,27.353689567430024,1.1660497951541575
Qwen2.5-7B-Instruct,no_other_algorithm,Qwen2.5-7B no_other_algorithm,MATH-Med,57.46031746031746,1.4547859349066175
Qwen2.5-7B-Instruct,no_other_algorithm,Qwen2.5-7B no_other_algorithm,MBPP+,60.40564373897708,1.221905331618254
Qwen2.5-7B-Instruct,no_other_algorithm,Qwen2.5-7B no_other_algorithm,MBPP-Simple,65.88845654993514,1.9194096740530102
Qwen2.5-7B-Instruct,no_other_algorithm,Qwen2.5-7B no_other_algorithm,MedCalc,8.303030303030303,1.7868512712491589
Qwen2.5-7B-Instruct,no_other_algorithm,Qwen2.5-7B no_other_algorithm,Overall,55.672183095173466,0.25271155218802804
Qwen2.5-7B-Instruct,no_other_algorithm,Qwen2.5-7B no_other_algorithm,ScienceQA,77.11330935251799,0.7429276817382324
Qwen3-8B-Base,full_sft,Qwen3-8B full_sft,ARC-C,80.46075085324232,0.3910047521293409
Qwen3-8B-Base,full_sft,Qwen3-8B full_sft,FinQA,43.15975286849073,0.8511607026472165
Qwen3-8B-Base,full_sft,Qwen3-8B full_sft,GSM8K,84.23047763457164,0.0
Qwen3-8B-Base,full_sft,Qwen3-8B full_sft,HumanEval,54.47154471544715,3.007855403851364
Qwen3-8B-Base,full_sft,Qwen3-8B full_sft,LegalBench,79.88948095520031,0.550122749744084
Qwen3-8B-Base,full_sft,Qwen3-8B full_sft,MATH-High,30.78880407124682,1.9586265036056802
Qwen3-8B-Base,full_sft,Qwen3-8B full_sft,MATH-Med,57.46031746031746,4.398859193825717
Qwen3-8B-Base,full_sft,Qwen3-8B full_sft,MBPP+,65.4320987654321,0.6109526658091291
Qwen3-8B-Base,full_sft,Qwen3-8B full_sft,MBPP-Simple,71.33592736705577,0.4492998203810301
Qwen3-8B-Base,full_sft,Qwen3-8B full_sft,MedCalc,11.787878787878787,0.8735475942666407
Qwen3-8B-Base,full_sft,Qwen3-8B full_sft,Overall,60.06651470693138,0.2787886990599732
Qwen3-8B-Base,full_sft,Qwen3-8B full_sft,ScienceQA,81.7146282973621,0.67346048976801
Qwen3-8B-Base,full_sft_14043,Qwen3-8B full_sft_14043,ARC-C,80.3754266211604,0.698408939579557
Qwen3-8B-Base,full_sft_14043,Qwen3-8B full_sft_14043,FinQA,43.807002059429244,0.5171637490805234
Qwen3-8B-Base,full_sft_14043,Qwen3-8B full_sft_14043,GSM8K,84.96335607783674,0.3064027205706963
Qwen3-8B-Base,full_sft_14043,Qwen3-8B full_sft_14043,HumanEval,57.520325203252035,5.532787637730165
Qwen3-8B-Base,full_sft_14043,Qwen3-8B full_sft_14043,LegalBench,79.29741464377344,1.0209210306988383
Qwen3-8B-Base,full_sft_14043,Qwen3-8B full_sft_14043,MATH-High,31.043256997455472,3.108598402766059
Qwen3-8B-Base,full_sft_14043,Qwen3-8B full_sft_14043,MATH-Med,52.38095238095238,1.904761904761906
Qwen3-8B-Base,full_sft_14043,Qwen3-8B full_sft_14043,MBPP+,65.34391534391534,1.6091964365868323
Qwen3-8B-Base,full_sft_14043,Qwen3-8B full_sft_14043,MBPP-Simple,72.1141374837873,1.5725493713336125
Qwen3-8B-Base,full_sft_14043,Qwen3-8B full_sft_14043,MedCalc,11.545454545454545,1.117109611585863
Qwen3-8B-Base,full_sft_14043,Qwen3-8B full_sft_14043,Overall,59.9414971977057,0.4215572970532175
Qwen3-8B-Base,full_sft_14043,Qwen3-8B full_sft_14043,ScienceQA,80.9652278177458,1.3788154235140186
Qwen3-8B-Base,no_data_structure,Qwen3-8B no_data_structure,ARC-C,79.72127417519908,1.5484252091941133
Qwen3-8B-Base,no_data_structure,Qwen3-8B no_data_structure,FinQA,43.30685495734039,0.7506531816518455
Qwen3-8B-Base,no_data_structure,Qwen3-8B no_data_structure,GSM8K,84.58428102097548,0.3582877654475139
Qwen3-8B-Base,no_data_structure,Qwen3-8B no_data_structure,HumanEval,56.09756097560975,3.394978270018304
Qwen3-8B-Base,no_data_structure,Qwen3-8B no_data_structure,LegalBench,79.39609236234458,0.46241857169371253
Qwen3-8B-Base,no_data_structure,Qwen3-8B no_data_structure,MATH-High,31.297709923664126,1.5267175572519083
Qwen3-8B-Base,no_data_structure,Qwen3-8B no_data_structure,MATH-Med,59.68253968253969,1.982539047110603
Qwen3-8B-Base,no_data_structure,Qwen3-8B no_data_structure,MBPP+,65.60846560846561,1.8518518518518563
Qwen3-8B-Base,no_data_structure,Qwen3-8B no_data_structure,MBPP-Simple,70.68741893644618,1.838838765078836
Qwen3-8B-Base,no_data_structure,Qwen3-8B no_data_structure,MedCalc,12.030303030303031,0.8735475942666405
Qwen3-8B-Base,no_data_structure,Qwen3-8B no_data_structure,Overall,60.39290664499547,0.2952612615081681
Qwen3-8B-Base,no_data_structure,Qwen3-8B no_data_structure,ScienceQA,81.90947242206234,0.26346516533643827
Qwen3-8B-Base,no_dynamic_programming,Qwen3-8B no_dynamic_programming,ARC-C,80.2901023890785,0.08532423208190565
Qwen3-8B-Base,no_dynamic_programming,Qwen3-8B no_dynamic_programming,FinQA,43.27743453957046,0.45292157453193976
Qwen3-8B-Base,no_dynamic_programming,Qwen3-8B no_dynamic_programming,GSM8K,84.4579226686884,0.6065200909780124
Qwen3-8B-Base,no_dynamic_programming,Qwen3-8B no_dynamic_programming,HumanEval,57.72357723577236,5.465174658434454
Qwen3-8B-Base,no_dynamic_programming,Qwen3-8B no_dynamic_programming,LegalBench,79.67238997434379,0.39421717693779895
Qwen3-8B-Base,no_dynamic_programming,Qwen3-8B no_dynamic_programming,MATH-High,29.89821882951654,1.2269275777344741
Qwen3-8B-Base,no_dynamic_programming,Qwen3-8B no_dynamic_programming,MATH-Med,57.142857142857146,3.809523809523813
Qwen3-8B-Base,no_dynamic_programming,Qwen3-8B no_dynamic_programming,MBPP+,64.99118165784832,0.808214408281453
Qwen3-8B-Base,no_dynamic_programming,Qwen3-8B no_dynamic_programming,MBPP-Simple,70.55771725032425,0.8099867702202951
Qwen3-8B-Base,no_dynamic_programming,Qwen3-8B no_dynamic_programming,MedCalc,11.545454545454547,0.3962635403218791
Qwen3-8B-Base,no_dynamic_programming,Qwen3-8B no_dynamic_programming,Overall,60.13057751239381,0.10414587801184486
Qwen3-8B-Base,no_dynamic_programming,Qwen3-8B no_dynamic_programming,ScienceQA,81.8794964028777,0.42892949703999517
Qwen3-8B-Base,no_graph,Qwen3-8B no_graph,ARC-C,79.26621160409556,1.3409755670223344
Qwen3-8B-Base,no_graph,Qwen3-8B no_graph,FinQA,43.24801412180053,0.31823047444519154
Qwen3-8B-Base,no_graph,Qwen3-8B no_graph,GSM8K,84.68536770280515,0.9499593696847423
Qwen3-8B-Base,no_graph,Qwen3-8B no_graph,HumanEval,57.72357723577236,2.464299929467914
Qwen3-8B-Base,no_graph,Qwen3-8B no_graph,LegalBench,79.27767910005922,1.0373839827078233
Qwen3-8B-Base,no_graph,Qwen3-8B no_graph,MATH-High,31.806615776081426,1.3404139634672685
Qwen3-8B-Base,no_graph,Qwen3-8B no_graph,MATH-Med,55.87301587301587,4.398859193825721
Qwen3-8B-Base,no_graph,Qwen3-8B no_graph,MBPP+,64.28571428571429,0.9538495437735397
Qwen3-8B-Base,no_graph,Qwen3-8B no_graph,MBPP-Simple,69.52010376134889,0.9792262561959428
Qwen3-8B-Base,no_graph,Qwen3-8B no_graph,MedCalc,11.272727272727272,0.7215685393812519
Qwen3-8B-Base,no_graph,Qwen3-8B no_graph,Overall,59.8031205903284,0.4374990752622623
Qwen3-8B-Base,no_graph,Qwen3-8B no_graph,ScienceQA,80.87529976019185,1.1386942394018358
Qwen3-8B-Base,no_greedy_search,Qwen3-8B no_greedy_search,ARC-C,79.89192263936292,0.26066983475289146
Qwen3-8B-Base,no_greedy_search,Qwen3-8B no_greedy_search,FinQA,43.51279788172992,0.7224494944282861
Qwen3-8B-Base,no_greedy_search,Qwen3-8B no_greedy_search,GSM8K,84.48319433914581,0.48742232807647073
Qwen3-8B-Base,no_greedy_search,Qwen3-8B no_greedy_search,HumanEval,55.081300813008134,0.9314178241780158
Qwen3-8B-Base,no_greedy_search,Qwen3-8B no_greedy_search,LegalBench,79.53424116834418,0.09043962295157125
Qwen3-8B-Base,no_greedy_search,Qwen3-8B no_greedy_search,MATH-High,31.04325699745547,2.102126163086298
Qwen3-8B-Base,no_greedy_search,Qwen3-8B no_greedy_search,MATH-Med,57.46031746031746,3.3446519850326206
Qwen3-8B-Base,no_greedy_search,Qwen3-8B no_greedy_search,MBPP+,65.69664902998237,1.3049954662212377
Qwen3-8B-Base,no_greedy_search,Qwen3-8B no_greedy_search,MBPP-Simple,71.72503242542153,0.5943677944170978
Qwen3-8B-Base,no_greedy_search,Qwen3-8B no_greedy_search,MedCalc,11.424242424242424,0.4296196023866003
Qwen3-8B-Base,no_greedy_search,Qwen3-8B no_greedy_search,Overall,60.13296976447509,0.3928609920833549
Qwen3-8B-Base,no_greedy_search,Qwen3-8B no_greedy_search,ScienceQA,81.60971223021583,0.2697841726618684
Qwen3-8B-Base,no_implementation_simulation,Qwen3-8B no_implementation_simulation,ARC-C,79.83503981797497,0.9514066372968085
Qwen3-8B-Base,no_implementation_simulation,Qwen3-8B no_implementation_simulation,FinQA,42.983230361871136,0.7643648753613741
Qwen3-8B-Base,no_implementation_simulation,Qwen3-8B no_implementation_simulation,GSM8K,84.25574930502906,0.5325071393910977
Qwen3-8B-Base,no_implementation_simulation,Qwen3-8B no_implementation_simulation,HumanEval,59.146341463414636,5.816702447664302
Qwen3-8B-Base,no_implementation_simulation,Qwen3-8B no_implementation_simulation,LegalBench,79.02111703177422,0.8627390169486668
Qwen3-8B-Base,no_implementation_simulation,Qwen3-8B no_implementation_simulation,MATH-High,30.53435114503817,0.7633587786259568
Qwen3-8B-Base,no_implementation_simulation,Qwen3-8B no_implementation_simulation,MATH-Med,55.55555555555555,2.7492869961410706
Qwen3-8B-Base,no_implementation_simulation,Qwen3-8B no_implementation_simulation,MBPP+,65.87301587301586,0.6999342092763358
Qwen3-8B-Base,no_implementation_simulation,Qwen3-8B no_implementation_simulation,MBPP-Simple,72.50324254215305,1.3664920561417255
Qwen3-8B-Base,no_implementation_simulation,Qwen3-8B no_implementation_simulation,MedCalc,11.272727272727272,1.188790620965639
Qwen3-8B-Base,no_implementation_simulation,Qwen3-8B no_implementation_simulation,Overall,60.20276094259581,0.429145220598321
Qwen3-8B-Base,no_implementation_simulation,Qwen3-8B no_implementation_simulation,ScienceQA,81.25,0.5067188700352793
Qwen3-8B-Base,no_math_number_theory,Qwen3-8B no_math_number_theory,ARC-C,80.74516496018202,0.13033491737645367
Qwen3-8B-Base,no_math_number_theory,Qwen3-8B no_math_number_theory,FinQA,43.74816122388938,0.5171637490805245
Qwen3-8B-Base,no_math_number_theory,Qwen3-8B no_math_number_theory,GSM8K,84.38210765731615,0.40117533147302376
Qwen3-8B-Base,no_math_number_theory,Qwen3-8B no_math_number_theory,HumanEval,57.3170731707317,1.613262994551572
Qwen3-8B-Base,no_math_number_theory,Qwen3-8B no_math_number_theory,LegalBench,79.69212551805803,0.32964857091947997
Qwen3-8B-Base,no_math_number_theory,Qwen3-8B no_math_number_theory,MATH-High,30.916030534351147,3.498149385462476
Qwen3-8B-Base,no_math_number_theory,Qwen3-8B no_math_number_theory,MATH-Med,55.55555555555555,2.7492869961410706
Qwen3-8B-Base,no_math_number_theory,Qwen3-8B no_math_number_theory,MBPP+,65.16754850088184,1.0015711368254423
Qwen3-8B-Base,no_math_number_theory,Qwen3-8B no_math_number_theory,MBPP-Simple,70.94682230869002,1.2507977640717212
Qwen3-8B-Base,no_math_number_theory,Qwen3-8B no_math_number_theory,MedCalc,11.87878787878788,1.28671962094316
Qwen3-8B-Base,no_math_number_theory,Qwen3-8B no_math_number_theory,Overall,60.19036196590823,0.4477456339937801
Qwen3-8B-Base,no_math_number_theory,Qwen3-8B no_math_number_theory,ScienceQA,81.74460431654676,1.057371943912307
Qwen3-8B-Base,no_other_algorithm,Qwen3-8B no_other_algorithm,ARC-C,79.60750853242321,0.8989465659430738
Qwen3-8B-Base,no_other_algorithm,Qwen3-8B no_other_algorithm,FinQA,43.24801412180053,0.23351732666060043
Qwen3-8B-Base,no_other_algorithm,Qwen3-8B no_other_algorithm,GSM8K,84.73591104371998,0.28703100054588465
Qwen3-8B-Base,no_other_algorithm,Qwen3-8B no_other_algorithm,HumanEval,56.91056910569106,3.725671296712063
Qwen3-8B-Base,no_other_algorithm,Qwen3-8B no_other_algorithm,LegalBench,79.31715018748766,0.2980001750649621
Qwen3-8B-Base,no_other_algorithm,Qwen3-8B no_other_algorithm,MATH-High,30.78880407124682,0.7945290074298204
Qwen3-8B-Base,no_other_algorithm,Qwen3-8B no_other_algorithm,MATH-Med,56.82539682539683,3.061476432061257
Qwen3-8B-Base,no_other_algorithm,Qwen3-8B no_other_algorithm,MBPP+,65.52028218694885,0.8504101200170266
Qwen3-8B-Base,no_other_algorithm,Qwen3-8B no_other_algorithm,MBPP-Simple,69.26070038910505,1.3478994611430903
Qwen3-8B-Base,no_other_algorithm,Qwen3-8B no_other_algorithm,MedCalc,10.878787878787877,0.4296196023866011
Qwen3-8B-Base,no_other_algorithm,Qwen3-8B no_other_algorithm,Overall,59.78397271656147,0.3428557841617381
Qwen3-8B-Base,no_other_algorithm,Qwen3-8B no_other_algorithm,ScienceQA,80.53057553956835,0.4737254385275426
