train_seed,model,arm,display,ARC-C,FinQA,GSM8K,HumanEval,LegalBench,MATH-High,MATH-Med,MBPP+,MBPP-Simple,MedCalc,Overall,ScienceQA
20260603,Qwen2.5-7B-Instruct,full_sft,Qwen2.5-7B full_sft,69.28327645051195,27.449249779346868,78.16527672479151,60.36585365853659,74.95559502664298,29.770992366412212,58.0952380952381,61.37566137566137,68.09338521400778,7.090909090909091,55.59808100176986,76.93345323741008
20260603,Qwen2.5-7B-Instruct,full_sft_14043,Qwen2.5-7B full_sft_14043,69.11262798634812,26.21359223300971,78.08946171341927,60.97560975609756,74.95559502664298,29.00763358778626,57.14285714285714,60.05291005291006,66.9260700389105,7.636363636363637,55.198278772553294,77.068345323741
20260603,Qwen2.5-7B-Instruct,no_data_structure,Qwen2.5-7B no_data_structure,70.56313993174061,29.92056487202118,77.33131159969673,58.536585365853654,75.66607460035524,27.86259541984733,57.14285714285714,63.227513227513235,68.48249027237354,6.2727272727272725,55.65946010398499,77.24820143884892
20260603,Qwen2.5-7B-Instruct,no_dynamic_programming,Qwen2.5-7B no_dynamic_programming,68.1740614334471,34.863195057369815,78.46853677028052,57.92682926829268,73.59384251036116,28.62595419847328,56.19047619047619,62.16931216931217,67.31517509727627,6.545454545454546,55.609597368517576,77.83273381294964
20260603,Qwen2.5-7B-Instruct,no_graph,Qwen2.5-7B no_graph,67.57679180887372,33.80406001765225,75.5117513267627,57.3170731707317,74.00828892835997,27.480916030534353,60.0,62.698412698412696,66.9260700389105,7.000000000000001,55.41968449889671,77.2931654676259
20260603,Qwen2.5-7B-Instruct,no_greedy_search,Qwen2.5-7B no_greedy_search,69.28327645051195,34.59841129744042,78.31690674753601,60.97560975609756,74.60035523978685,27.099236641221374,55.23809523809524,61.64021164021164,66.9260700389105,6.0,55.67054679785729,77.6978417266187
20260603,Qwen2.5-7B-Instruct,no_implementation_simulation,Qwen2.5-7B no_implementation_simulation,67.83276450511946,36.45189761694616,76.42153146322971,64.02439024390245,75.25162818235643,25.572519083969464,55.23809523809524,63.49206349206349,68.8715953307393,5.454545454545454,55.96676471872101,77.02338129496404
20260603,Qwen2.5-7B-Instruct,no_math_number_theory,Qwen2.5-7B no_math_number_theory,69.7098976109215,28.155339805825243,77.63457164518574,61.58536585365854,74.00828892835997,29.770992366412212,51.42857142857142,61.111111111111114,69.64980544747081,7.000000000000001,55.22972416184095,77.47302158273382
20260603,Qwen2.5-7B-Instruct,no_other_algorithm,Qwen2.5-7B no_other_algorithm,70.56313993174061,38.128861429832305,74.90523123578468,57.3170731707317,75.42924807578449,28.62595419847328,56.19047619047619,61.111111111111114,64.98054474708171,10.363636363636363,55.92938092033792,77.60791366906474
20260603,Qwen3-8B-Base,full_sft,Qwen3-8B full_sft,80.03412969283276,42.18887908208296,84.23047763457164,53.04878048780488,79.63291888691533,28.62595419847328,60.0,65.07936507936508,71.59533073929961,11.636363636363637,59.74838830728684,81.16007194244604
20260603,Qwen3-8B-Base,full_sft_14043,Qwen3-8B full_sft_14043,79.60750853242321,43.60105913503972,84.6095526914329,59.756097560975604,78.38957963291888,32.44274809160305,50.476190476190474,66.13756613756614,73.92996108949417,12.818181818181817,60.168125492511315,80.08093525179856
20260603,Qwen3-8B-Base,no_data_structure,Qwen3-8B no_data_structure,79.94880546075085,43.336275375110326,84.98862774829416,56.70731707317073,79.69212551805802,31.297709923664126,61.904761904761905,63.49206349206349,70.03891050583657,12.818181818181817,60.56719702810006,82.01438848920863
20260603,Qwen3-8B-Base,no_dynamic_programming,Qwen3-8B no_dynamic_programming,80.2047781569966,43.77758164165931,83.85140257771039,54.268292682926834,79.92895204262878,29.00763358778626,60.952380952380956,65.87301587301587,71.20622568093385,12.0,60.22319593476089,81.38489208633094
20260603,Qwen3-8B-Base,no_graph,Qwen3-8B no_graph,80.71672354948805,42.983230361871136,83.69977255496588,60.36585365853659,78.27116637063352,31.679389312977097,60.952380952380956,63.227513227513235,68.48249027237354,10.454545454545453,60.267034751095274,82.10431654676259
20260603,Qwen3-8B-Base,no_greedy_search,Qwen3-8B no_greedy_search,79.60750853242321,42.71844660194174,84.83699772554965,54.268292682926834,79.51450562462996,32.44274809160305,60.952380952380956,65.07936507936508,71.59533073929961,11.090909090909092,60.31331028896211,81.33992805755396
20260603,Qwen3-8B-Base,no_implementation_simulation,Qwen3-8B no_implementation_simulation,78.75426621160409,43.42453662842012,84.3062926459439,59.756097560975604,78.92243931320307,31.297709923664126,57.14285714285714,66.66666666666666,71.20622568093385,12.636363636363637,60.46306102163367,80.98021582733813
20260603,Qwen3-8B-Base,no_math_number_theory,Qwen3-8B no_math_number_theory,80.88737201365188,43.95410414827891,84.53373768006065,55.487804878048784,79.39609236234459,34.73282442748092,57.14285714285714,64.02116402116403,70.03891050583657,11.181818181818182,60.39411985955152,82.95863309352518
20260603,Qwen3-8B-Base,no_other_algorithm,Qwen3-8B no_other_algorithm,79.5221843003413,43.42453662842012,84.53373768006065,53.65853658536586,79.63291888691533,31.679389312977097,58.0952380952381,66.13756613756614,70.03891050583657,10.727272727272727,59.771478371183214,80.03597122302159
20260604,Qwen2.5-7B-Instruct,full_sft,Qwen2.5-7B full_sft,67.74744027303754,24.801412180052957,76.80060652009098,58.536585365853654,75.66607460035524,29.389312977099237,59.04761904761905,59.25925925925925,66.14785992217898,9.727272727272727,54.90200036580898,76.79856115107914
20260604,Qwen2.5-7B-Instruct,full_sft_14043,Qwen2.5-7B full_sft_14043,71.160409556314,36.54015887025596,79.37831690674754,58.536585365853654,75.8436944937833,27.86259541984733,56.19047619047619,61.111111111111114,67.70428015564202,8.181818181818182,56.411094198173345,78.01258992805755
20260604,Qwen2.5-7B-Instruct,no_data_structure,Qwen2.5-7B no_data_structure,70.73378839590444,25.330979699911737,77.40712661106899,58.536585365853654,74.71876850207224,27.480916030534353,56.19047619047619,60.317460317460316,69.26070038910505,7.545454545454546,55.05679763940481,78.10251798561151
20260604,Qwen2.5-7B-Instruct,no_dynamic_programming,Qwen2.5-7B no_dynamic_programming,69.45392491467577,32.83318623124448,77.25549658832449,56.70731707317073,74.83718176435761,28.24427480916031,55.23809523809524,61.111111111111114,64.2023346303502,7.363636363636364,54.97041966164392,77.42805755395683
20260604,Qwen2.5-7B-Instruct,no_graph,Qwen2.5-7B no_graph,68.43003412969283,34.42188879082083,76.95223654283548,54.87804878048781,76.43576080521018,27.480916030534353,58.0952380952381,59.78835978835979,64.59143968871595,6.2727272727272725,54.954993027810694,77.15827338129496
20260604,Qwen2.5-7B-Instruct,no_greedy_search,Qwen2.5-7B no_greedy_search,69.11262798634812,32.3036187113857,75.8150113722517,64.02439024390245,73.71225577264654,30.53435114503817,58.0952380952381,62.43386243386243,66.9260700389105,8.0,56.26182615182613,77.92266187050359
20260604,Qwen2.5-7B-Instruct,no_implementation_simulation,Qwen2.5-7B no_implementation_simulation,67.91808873720136,28.684907325684023,75.2084912812737,64.63414634146342,75.31083481349911,30.53435114503817,57.14285714285714,64.28571428571429,71.98443579766537,5.0,56.14066836820479,76.84352517985612
20260604,Qwen2.5-7B-Instruct,no_math_number_theory,Qwen2.5-7B no_math_number_theory,69.53924914675767,33.80406001765225,74.60197119029569,62.19512195121951,74.48194197750148,27.480916030534353,54.285714285714285,60.84656084656085,66.9260700389105,8.0,55.40089153854504,77.24820143884892
20260604,Qwen2.5-7B-Instruct,no_other_algorithm,Qwen2.5-7B no_other_algorithm,69.53924914675767,32.038834951456316,77.710386656558,62.19512195121951,76.79100059206631,26.33587786259542,57.14285714285714,61.111111111111114,64.59143968871595,7.363636363636364,55.66295791360979,77.47302158273382
20260604,Qwen3-8B-Base,full_sft,Qwen3-8B full_sft,80.54607508532423,43.77758164165931,84.23047763457164,52.4390243902439,80.52101835405566,31.297709923664126,60.0,65.07936507936508,71.59533073929961,11.0,60.26823742046926,82.46402877697841
20260604,Qwen3-8B-Base,full_sft_14043,Qwen3-8B full_sft_14043,80.54607508532423,43.42453662842012,85.14025777103866,61.58536585365854,80.40260509177027,27.480916030534353,52.38095238095239,66.4021164021164,71.20622568093385,11.090909090909092,60.20126516819912,82.55395683453237
20260604,Qwen3-8B-Base,no_data_structure,Qwen3-8B no_data_structure,78.0716723549488,42.54192409532215,84.4579226686884,59.14634146341463,79.63291888691533,29.770992366412212,59.04761904761905,66.93121693121694,72.76264591439688,12.181818181818182,60.559525830997124,81.60971223021582
20260604,Qwen3-8B-Base,no_dynamic_programming,Qwen3-8B no_dynamic_programming,80.2901023890785,43.15975286849073,85.06444275966642,54.87804878048781,79.21847246891652,31.297709923664126,57.14285714285714,64.81481481481481,70.8171206225681,11.363636363636363,60.01783988270183,82.14928057553958
20260604,Qwen3-8B-Base,no_graph,Qwen3-8B no_graph,78.0716723549488,43.60105913503972,85.59514783927217,55.487804878048784,80.3433984606276,30.53435114503817,53.333333333333336,64.55026455026454,69.64980544747081,11.545454545454545,59.39797811958161,80.66546762589928
20260604,Qwen3-8B-Base,no_greedy_search,Qwen3-8B no_greedy_search,80.11945392491468,44.1306266548985,83.92721758908263,54.87804878048781,79.45529899348726,32.06106870229007,57.14285714285714,67.1957671957672,72.37354085603113,11.272727272727273,60.40328213776558,81.87949640287769
20260604,Qwen3-8B-Base,no_implementation_simulation,Qwen3-8B no_implementation_simulation,80.54607508532423,42.10061782877317,83.69977255496588,53.04878048780488,79.92895204262878,29.770992366412212,57.14285714285714,65.60846560846561,72.37354085603113,10.727272727272727,59.70744173405786,81.83453237410072
20260604,Qwen3-8B-Base,no_math_number_theory,Qwen3-8B no_math_number_theory,80.63139931740614,44.1306266548985,84.68536770280515,58.536585365853654,79.63291888691533,30.15267175572519,57.14285714285714,65.87301587301587,72.37354085603113,11.090909090909092,60.49999024058339,81.25
20260604,Qwen3-8B-Base,no_other_algorithm,Qwen3-8B no_other_algorithm,78.75426621160409,42.983230361871136,84.6095526914329,60.97560975609756,79.04085257548846,30.53435114503817,59.04761904761905,65.87301587301587,67.70428015564202,11.363636363636363,60.13290488634463,80.57553956834532
20260605,Qwen2.5-7B-Instruct,full_sft,Qwen2.5-7B full_sft,69.88054607508532,33.00970873786408,77.48294162244125,62.80487804878049,75.19242155121374,30.916030534351147,55.23809523809524,62.16931216931217,66.53696498054474,7.000000000000001,56.12220075547328,77.11330935251799
20260605,Qwen2.5-7B-Instruct,full_sft_14043,Qwen2.5-7B full_sft_14043,70.39249146757679,35.83406884377759,78.24109173616375,60.97560975609756,75.90290112492599,27.099236641221374,58.0952380952381,60.58201058201058,69.26070038910505,7.000000000000001,56.48645223049068,77.96762589928058
20260605,Qwen2.5-7B-Instruct,no_data_structure,Qwen2.5-7B no_data_structure,69.96587030716724,35.745807590467784,76.87642153146324,58.536585365853654,75.90290112492599,25.190839694656486,57.14285714285714,63.75661375661375,66.9260700389105,6.454545454545454,55.76654229498829,76.93345323741008
20260605,Qwen2.5-7B-Instruct,no_dynamic_programming,Qwen2.5-7B no_dynamic_programming,69.7098976109215,34.24536628420123,76.57316148597423,60.97560975609756,74.54114860864416,27.86259541984733,59.04761904761905,58.994708994709,67.70428015564202,6.8181818181818175,55.80097260711281,77.33812949640287
20260605,Qwen2.5-7B-Instruct,no_graph,Qwen2.5-7B no_graph,67.91808873720136,33.53927625772286,77.5587566338135,59.756097560975604,75.78448786264062,28.24427480916031,56.19047619047619,60.84656084656085,64.59143968871595,8.818181818181818,55.499621985845266,77.24820143884892
20260605,Qwen2.5-7B-Instruct,no_greedy_search,Qwen2.5-7B no_greedy_search,68.94197952218431,33.89232127096205,71.34192570128886,59.14634146341463,74.71876850207224,29.770992366412212,56.19047619047619,61.111111111111114,64.98054474708171,6.8181818181818175,54.944151297810805,77.47302158273382
20260605,Qwen2.5-7B-Instruct,no_implementation_simulation,Qwen2.5-7B no_implementation_simulation,68.51535836177474,30.53839364518976,75.8150113722517,61.58536585365854,75.90290112492599,30.916030534351147,54.285714285714285,63.49206349206349,71.98443579766537,6.454545454545454,56.04256701712068,76.97841726618705
20260605,Qwen2.5-7B-Instruct,no_math_number_theory,Qwen2.5-7B no_math_number_theory,68.1740614334471,31.685789938217123,77.78620166793026,57.92682926829268,74.71876850207224,28.62595419847328,60.0,60.05291005291006,66.9260700389105,6.636363636363636,55.42647473799198,77.15827338129496
20260605,Qwen2.5-7B-Instruct,no_other_algorithm,Qwen2.5-7B no_other_algorithm,68.60068259385666,33.18623124448367,77.25549658832449,57.92682926829268,76.02131438721138,27.099236641221374,59.04761904761905,58.994708994709,68.09338521400778,7.1818181818181825,55.42421045157269,76.2589928057554
20260605,Qwen3-8B-Base,full_sft,Qwen3-8B full_sft,80.80204778156997,43.51279788172992,84.23047763457164,57.92682926829268,79.51450562462996,32.44274809160305,52.38095238095239,66.13756613756614,70.8171206225681,12.727272727272727,60.18291839303804,81.51978417266187
20260605,Qwen3-8B-Base,full_sft_14043,Qwen3-8B full_sft_14043,80.97269624573379,44.39541041482789,85.14025777103866,51.21951219512195,79.10005920663114,33.20610687022901,54.285714285714285,63.49206349206349,71.20622568093385,10.727272727272727,59.45510093240666,80.26079136690647
20260605,Qwen3-8B-Base,no_data_structure,Qwen3-8B no_data_structure,81.14334470989762,44.042365401588704,84.3062926459439,52.4390243902439,78.86323268206039,32.82442748091603,58.0952380952381,66.4021164021164,69.26070038910505,11.090909090909092,60.05199707588925,82.10431654676259
20260605,Qwen3-8B-Base,no_dynamic_programming,Qwen3-8B no_dynamic_programming,80.3754266211604,42.89496910856134,84.4579226686884,64.02439024390245,79.86974541148608,29.389312977099237,53.333333333333336,64.28571428571429,69.64980544747081,11.272727272727273,60.15069671971874,82.10431654676259
20260605,Qwen3-8B-Base,no_graph,Qwen3-8B no_graph,79.01023890784982,43.15975286849073,84.76118271417741,57.3170731707317,79.21847246891652,33.20610687022901,53.333333333333336,65.07936507936508,70.42801556420234,11.818181818181818,59.7443489003083,79.85611510791367
20260605,Qwen3-8B-Base,no_greedy_search,Qwen3-8B no_greedy_search,79.94880546075085,43.689320388349515,84.68536770280515,56.09756097560976,79.63291888691533,28.62595419847328,54.285714285714285,64.81481481481481,71.20622568093385,11.90909090909091,59.682316866697604,81.60971223021582
20260605,Qwen3-8B-Base,no_implementation_simulation,Qwen3-8B no_implementation_simulation,80.2047781569966,43.42453662842012,84.76118271417741,64.63414634146342,78.21195973949082,30.53435114503817,52.38095238095239,65.34391534391534,73.92996108949417,10.454545454545453,60.43778007209591,80.93525179856115
20260605,Qwen3-8B-Base,no_math_number_theory,Qwen3-8B no_math_number_theory,80.71672354948805,43.15975286849073,83.92721758908263,57.92682926829268,80.04736530491415,27.86259541984733,52.38095238095239,65.60846560846561,70.42801556420234,13.363636363636363,59.67697579758976,81.0251798561151
20260605,Qwen3-8B-Base,no_other_algorithm,Qwen3-8B no_other_algorithm,80.54607508532423,43.336275375110326,85.06444275966642,56.09756097560976,79.2776791000592,30.15267175572519,53.333333333333336,64.55026455026454,70.03891050583657,10.545454545454545,59.44753489215657,80.98021582733813
