"method","train_seed","model","family","arm","overall_mean_no_health","humaneval","mbpp_simple","mbpp_plus","math500_medium","math500_high_level","finqa","medcalc","arc_challenge","legalbench","scienceqa"
"full_sft","20260603","Qwen2.5-7B-Instruct","qwen25","base","53.692392589012286","52.4390243902439","76.26459143968872","68.78306878306879","57.14285714285714","30.15267175572519","26.654898499558694","7.454545454545454","69.19795221843003","72.35050325636472","76.48381294964028"
"full_sft","20260603","Qwen2.5-7B-Instruct","qwen25","full_sft","25.676967512830828","1.2195121951219512","0.7782101167315175","1.0582010582010581","26.666666666666668","15.267175572519085","18.00529567519859","4.181818181818182","54.522184300341294","69.15334517465956","65.91726618705036"
"full_sft","20260603","Qwen2.5-7B-Instruct","qwen25","full_sft_14043","27.064208125613238","0.6097560975609756","2.7237354085603114","2.91005291005291","30.476190476190478","17.17557251908397","16.50485436893204","5.2727272727272725","55.20477815699659","73.71225577264654","66.0521582733813"
"full_sft","20260603","Qwen2.5-7B-Instruct","qwen25","no_math_number_theory","25.948015510822728","1.2195121951219512","2.7237354085603114","2.1164021164021163","26.666666666666668","15.648854961832063","16.946160635481025","5.363636363636363","54.69283276450512","68.67969212551806","65.42266187050359"
"full_sft","20260603","Qwen2.5-7B-Instruct","qwen25","no_data_structure","26.99541192054325","2.4390243902439024","2.7237354085603114","1.8518518518518516","28.57142857142857","16.030534351145036","15.710503089143865","5.636363636363637","52.3037542662116","80.3433984606276","64.34352517985612"
"full_sft","20260603","Qwen2.5-7B-Instruct","qwen25","no_dynamic_programming","27.018532066535737","0.6097560975609756","2.7237354085603114","1.3227513227513228","34.285714285714285","23.282442748091604","14.563106796116504","5.818181818181818","56.91126279863481","65.24570751924216","65.42266187050359"
"full_sft","20260603","Qwen2.5-7B-Instruct","qwen25","no_greedy_search","26.782545613494005","6.097560975609756","6.22568093385214","4.761904761904762","23.809523809523807","15.267175572519085","15.710503089143865","5.636363636363637","55.71672354948806","69.62699822380107","64.97302158273382"
"full_sft","20260603","Qwen2.5-7B-Instruct","qwen25","no_implementation_simulation","25.224406737142537","3.048780487804878","1.556420233463035","2.6455026455026456","19.047619047619047","12.213740458015266","17.917034421888793","4.545454545454546","56.14334470989761","70.69271758436945","64.43345323741008"
"full_sft","20260603","Qwen2.5-7B-Instruct","qwen25","no_graph","25.597950848691738","0.6097560975609756","2.3346303501945527","1.8518518518518516","27.61904761904762","12.213740458015266","17.6522506619594","5.454545454545454","55.71672354948806","66.42984014209591","66.09712230215827"
"full_sft","20260603","Qwen2.5-7B-Instruct","qwen25","no_other_algorithm","25.691690233472656","2.4390243902439024","1.1673151750972763","0.7936507936507936","25.71428571428571","14.885496183206106","17.917034421888793","4","56.56996587030717","68.50207223209","64.92805755395683"
"full_sft","20260603","Qwen3-8B-Base","qwen3","base","62.122492371555936","79.26829268292683","80.93385214007782","77.24867724867724","60.952380952380956","33.20610687022901","41.30626654898499","10.363636363636363","78.15699658703072","78.44878626406158","81.33992805755396"
"full_sft","20260603","Qwen3-8B-Base","qwen3","full_sft","46.62362460821614","29.268292682926827","53.30739299610895","47.61904761904761","25.71428571428571","14.122137404580155","36.09885260370697","10.272727272727272","84.30034129692832","82.88928359976317","82.64388489208633"
"full_sft","20260603","Qwen3-8B-Base","qwen3","full_sft_14043","48.71787764889353","32.926829268292686","46.69260700389105","42.32804232804233","46.666666666666664","20.99236641221374","41.04148278905561","12.363636363636363","84.72696245733789","77.56068679692125","81.87949640287769"
"full_sft","20260603","Qwen3-8B-Base","qwen3","no_math_number_theory","46.4270410129533","32.31707317073171","52.14007782101168","46.56084656084656","24.761904761904763","14.122137404580155","36.54015887025596","12.636363636363637","85.06825938566553","76.850207223209","83.27338129496404"
"full_sft","20260603","Qwen3-8B-Base","qwen3","no_data_structure","46.46603191359526","31.70731707317073","46.30350194552529","44.17989417989418","28.57142857142857","19.083969465648856","40.77669902912621","12.636363636363637","81.74061433447099","77.91592658377738","81.74460431654677"
"full_sft","20260603","Qwen3-8B-Base","qwen3","no_dynamic_programming","45.513053838666366","25","48.63813229571984","44.17989417989418","27.61904761904762","14.50381679389313","38.92321270962047","12.454545454545455","82.5938566552901","81.58673771462404","79.63129496402878"
"full_sft","20260603","Qwen3-8B-Base","qwen3","no_greedy_search","49.04177348819694","34.146341463414636","52.14007782101168","48.67724867724868","36.19047619047619","19.083969465648856","36.18711385701677","12","87.20136518771331","81.11308466548253","83.67805755395683"
"full_sft","20260603","Qwen3-8B-Base","qwen3","no_implementation_simulation","47.838978246437094","31.097560975609756","54.474708171206224","47.354497354497354","29.523809523809526","19.84732824427481","36.36363636363637","13.18181818181818","84.30034129692832","79.69212551805802","82.55395683453237"
"full_sft","20260603","Qwen3-8B-Base","qwen3","no_graph","48.59887187146535","33.53658536585366","52.14007782101168","48.148148148148145","35.23809523809524","19.46564885496183","38.2171226831421","13.18181818181818","80.63139931740614","83.95500296033156","81.4748201438849"
"full_sft","20260603","Qwen3-8B-Base","qwen3","no_other_algorithm","49.26887201567765","27.439024390243905","51.75097276264592","48.41269841269841","37.142857142857146","22.900763358778626","40.68843777581642","17.18181818181818","82.08191126279864","82.35642391947898","82.73381294964028"
